Date,Open,High,Low,Last,Volume,Turnover
2020-11-11,119.0,120.35,114.5,116.9,1303991.0,151911153.0
2020-11-10,114.0,120.8,114.0,118.75,2821604.0,334047652.0
2020-11-09,100.9,119.7,100.35,113.0,3155584.0,355529467.0
2020-11-06,99.44,100.35,98.16,99.14,969884.0,96124561.0
2020-11-05,98.54,100.45,98.54,99.86,1036414.0,103225767.0
2020-11-04,95.24,99.5,94.66,98.14,1021004.0,99878794.0
2020-11-03,92.8,97.28,92.56,96.94,1201924.0,115701043.0
2020-11-02,91.32,92.4,88.84,91.54,806707.0,73539180.0
2020-10-30,86.68,91.46,86.5,90.52,1256817.0,113146230.0
2020-10-29,88.54,89.92,85.94,87.56,1208594.0,105922639.0
2020-10-28,88.7,89.48,85.64,88.7,1719112.0,151364785.0
2020-10-27,93.52,93.6,89.26,91.18,1119961.0,102008676.0
2020-10-26,95.16,97.14,93.38,93.58,1079449.0,102103336.0
2020-10-23,91.38,97.34,91.26,96.58,1190507.0,113768171.0
2020-10-22,90.5,91.52,89.5,91.42,699652.0,63571840.0
2020-10-21,93.98,94.2,90.4,91.0,1072986.0,98155896.0
2020-10-20,90.0,94.26,89.96,93.18,1173686.0,109219024.0
2020-10-19,90.52,92.26,90.14,91.4,621942.0,56761530.0
2020-10-16,88.22,92.24,87.64,90.74,1317660.0,118784685.0
2020-10-15,84.82,87.9,84.26,87.56,1408169.0,121341973.0
2020-10-14,85.36,86.54,84.48,86.12,741481.0,63624635.0
2020-10-13,86.84,86.84,85.12,85.28,761684.0,65208323.0
2020-10-12,88.32,88.6,86.88,87.0,762345.0,66663588.0
2020-10-09,87.56,89.44,87.22,88.66,992144.0,87757912.0
2020-10-08,86.42,88.76,85.56,87.14,797372.0,69724918.0
2020-10-07,86.0,86.46,84.7,85.6,1226260.0,104906481.0
2020-10-06,84.64,88.36,84.64,87.2,922992.0,80443902.0
2020-10-05,85.56,86.88,84.46,84.8,636813.0,54244355.0
2020-10-02,83.4,84.52,81.68,84.4,841432.0,70177970.0
2020-10-01,85.38,85.86,83.18,84.18,1098432.0,92706776.0
2020-09-30,83.9,86.02,83.1,84.44,1161555.0,98086691.0
2020-09-29,85.5,85.96,84.66,85.3,995345.0,84884345.0
2020-09-28,86.92,88.46,85.48,85.7,1470087.0,126869059.0
2020-09-25,83.0,85.22,80.64,85.22,1583389.0,132004749.0
2020-09-24,84.42,84.8,82.68,82.88,1380610.0,115299698.0
2020-09-23,90.0,90.74,85.8,85.8,1490090.0,130731964.0
2020-09-22,90.82,90.86,88.5,88.98,1254960.0,112169617.0
2020-09-21,94.1,94.14,88.72,88.72,1323170.0,118891362.0
2020-09-18,97.56,97.58,94.76,95.2,2176116.0,208258049.0
2020-09-17,96.52,98.32,96.22,98.0,630808.0,61555157.0
2020-09-16,96.86,97.98,95.64,97.48,686648.0,66719860.0
2020-09-15,97.7,98.6,96.88,96.94,495528.0,48198505.0
2020-09-14,98.3,99.56,97.38,97.48,591911.0,58021128.0
2020-09-11,96.62,98.14,95.6,97.18,617036.0,59652600.0
2020-09-10,97.4,98.16,96.18,97.08,615114.0,59693185.0
2020-09-09,97.52,98.32,95.36,97.44,809049.0,78502504.0
2020-09-08,100.75,101.0,95.68,98.22,847782.0,82985419.0
2020-09-07,98.5,101.8,97.88,100.9,692024.0,69595439.0
2020-09-04,96.8,100.5,96.1,97.24,836528.0,82029692.0
2020-09-03,101.0,103.85,96.54,97.68,862188.0,86006866.0
2020-09-02,98.26,101.1,98.18,100.45,566004.0,56673864.0
2020-09-01,98.0,98.44,95.1,98.0,1041305.0,100977243.0
2020-08-31,102.95,102.95,97.02,97.02,777286.0,76696902.0
2020-08-28,101.0,103.15,99.42,102.25,919073.0,93651761.0
2020-08-27,99.9,102.1,98.14,100.95,625286.0,62668857.0
2020-08-26,98.6,100.65,97.86,99.86,410734.0,40927114.0
2020-08-25,100.4,102.0,99.36,99.36,702343.0,70530368.0
2020-08-24,97.98,100.25,97.34,100.05,687312.0,68089181.0
2020-08-21,98.0,99.44,94.42,97.24,898533.0,86859270.0
2020-08-20,98.32,98.96,96.94,97.64,575084.0,56143407.0
2020-08-19,98.86,99.64,97.8,99.38,441473.0,43682825.0
2020-08-18,100.6,101.2,98.54,99.12,729229.0,72648762.0
2020-08-17,101.7,102.5,100.3,101.1,487878.0,49436136.0
2020-08-14,103.0,103.05,100.9,101.5,589066.0,59908903.0
2020-08-13,102.8,104.75,102.3,103.75,567810.0,59021292.0
2020-08-12,105.7,106.05,103.4,103.5,703031.0,73153078.0
2020-08-11,101.75,106.95,101.75,106.4,1282617.0,135388503.0
2020-08-10,98.5,100.9,98.08,100.75,813373.0,81521149.0
2020-08-07,98.4,98.54,96.3,97.72,750463.0,72997938.0
2020-08-06,96.4,98.7,96.24,98.54,1247729.0,122328301.0
2020-08-05,92.86,97.08,92.86,96.92,918706.0,88252515.0
2020-08-04,90.64,93.18,90.14,92.28,815787.0,75222606.0
2020-08-03,89.92,90.24,85.82,89.62,1188941.0,105233133.0
2020-07-31,93.88,94.76,89.44,89.44,1250463.0,113706478.0
2020-07-30,93.12,95.82,92.48,94.24,1450981.0,136669701.0
2020-07-29,90.02,93.16,90.02,90.7,875036.0,80101385.0
2020-07-28,87.1,90.48,87.1,90.36,876004.0,78324372.0
2020-07-27,87.52,87.86,86.4,86.96,815159.0,70962844.0
2020-07-24,87.78,88.54,86.44,88.54,918722.0,80808619.0
2020-07-23,92.16,92.16,88.58,88.96,838505.0,75017351.0
2020-07-22,93.4,93.6,90.36,91.46,716312.0,65552129.0
2020-07-21,94.3,96.88,93.58,93.58,890770.0,84502705.0
2020-07-20,93.04,93.9,91.3,93.2,586573.0,54512100.0
2020-07-17,93.82,94.68,92.2,93.12,881139.0,82072553.0
2020-07-16,95.2,95.58,93.64,94.02,826601.0,77837871.0
2020-07-15,91.4,96.64,91.14,95.72,1537193.0,146031599.0
2020-07-14,91.0,91.54,87.94,89.74,879006.0,78594436.0
2020-07-13,89.8,92.88,89.02,92.5,1043204.0,95213222.0
2020-07-10,87.6,89.96,86.76,88.92,783405.0,69557887.0
2020-07-09,90.76,91.6,87.8,88.28,836595.0,74572633.0
2020-07-08,90.1,90.92,88.6,90.04,916558.0,82358604.0
2020-07-07,92.38,92.68,89.82,91.4,1085450.0,98951197.0
2020-07-06,92.58,93.96,91.54,92.84,744752.0,69080181.0
2020-07-03,91.6,92.62,89.54,90.7,529515.0,47966867.0
2020-07-02,90.6,93.66,90.02,91.56,1084038.0,99727542.0
2020-07-01,89.34,90.72,84.96,89.9,1339896.0,118374327.0
2020-06-30,90.2,91.94,88.18,89.22,1471076.0,131980528.0
2020-06-29,87.52,90.88,87.0,89.18,1183517.0,105632934.0
2020-06-26,90.42,92.22,87.24,87.8,1208231.0,107549051.0
2020-06-25,89.3,90.52,86.8,88.9,1390156.0,123315108.0
2020-06-24,94.88,95.5,89.7,89.76,1160580.0,105531300.0
2020-06-23,94.1,96.72,93.26,95.12,1141008.0,108623765.0
2020-06-22,92.5,95.14,90.74,93.54,823586.0,76956413.0
2020-06-19,96.86,97.26,94.14,94.38,2603303.0,246389188.0
2020-06-18,95.96,97.0,91.4,95.66,1476317.0,140347722.0
2020-06-17,94.98,98.04,94.2,97.5,1338392.0,129575021.0
2020-06-16,95.0,97.08,92.0,94.64,1458770.0,137970911.0
2020-06-15,87.2,91.96,86.26,91.9,1241381.0,111987861.0
2020-06-12,87.66,93.62,87.1,89.84,1341227.0,121310508.0
2020-06-11,93.4,94.2,88.92,88.96,1462858.0,132474940.0
2020-06-10,97.22,100.9,94.16,96.5,1405415.0,135096647.0
2020-06-09,103.0,104.6,96.22,97.18,1493927.0,147236989.0
2020-06-08,101.0,103.25,100.35,102.0,1474926.0,150306785.0
2020-06-05,100.3,105.4,100.15,101.95,2071782.0,212360749.0
2020-06-04,97.74,99.18,94.82,98.6,1621645.0,157931701.0
2020-06-03,95.4,99.34,93.9,98.0,1249792.0,121529834.0
2020-06-02,89.0,93.96,88.32,93.52,1461630.0,135426682.0
2020-06-01,87.4,88.78,85.9,88.3,748730.0,65747333.0
2020-05-29,87.84,87.84,85.56,85.86,1732673.0,149258276.0
2020-05-28,89.9,91.24,88.14,88.88,1475745.0,131859471.0
2020-05-27,86.5,89.02,84.44,87.68,1538130.0,134643668.0
2020-05-26,81.54,87.08,81.04,86.6,1505588.0,128677144.0
2020-05-25,76.8,80.36,75.78,80.36,1055753.0,83694478.0
2020-05-22,76.94,77.04,74.52,75.68,1073778.0,81420708.0
2020-05-21,77.12,79.3,76.46,77.32,724008.0,56116798.0
2020-05-20,77.84,78.26,75.24,77.98,741832.0,57379917.0
2020-05-19,79.5,80.86,76.06,78.48,1271555.0,99652141.0
2020-05-18,74.4,79.48,74.3,79.48,1110528.0,86549522.0
2020-05-15,74.22,75.16,72.62,73.0,863721.0,63656430.0
2020-05-14,74.0,75.42,70.38,73.66,1363909.0,99810521.0
2020-05-13,75.7,76.7,74.0,75.5,1226401.0,92806421.0
2020-05-12,77.0,78.8,75.72,77.28,1177046.0,91044170.0
2020-05-11,81.62,81.66,77.34,78.5,695735.0,54507202.0
2020-05-08,81.88,82.62,80.82,81.12,418993.0,34060848.0
2020-05-07,78.22,81.08,78.0,81.08,664081.0,53304173.0
2020-05-06,79.4,80.24,77.12,78.36,668829.0,52496818.0
2020-05-05,78.94,81.36,77.98,80.0,1000378.0,79840751.0
2020-05-04,81.44,81.84,77.28,78.0,1541832.0,121600815.0
2020-04-30,91.84,93.2,83.98,84.22,2072508.0,180013623.0
2020-04-29,81.02,87.42,80.68,87.3,1131310.0,96791002.0
2020-04-28,77.8,82.4,77.2,82.3,1024730.0,83103370.0
2020-04-27,78.3,78.5,75.52,77.32,565718.0,43592027.0
2020-04-24,75.1,76.88,74.0,76.18,886829.0,67368930.0
2020-04-23,75.14,78.28,72.82,77.6,900028.0,68565976.0
2020-04-22,74.1,75.32,72.5,75.0,907278.0,67543286.0
2020-04-21,79.54,79.92,73.8,73.92,1141912.0,86010658.0
2020-04-20,81.0,82.0,79.22,80.9,856375.0,68974682.0
2020-04-17,79.02,83.16,78.66,80.5,1922871.0,156150081.0
2020-04-16,74.84,77.46,73.16,75.04,1297232.0,97616601.0
2020-04-15,79.0,79.6,72.5,74.0,1502535.0,112012424.0
2020-04-14,80.38,80.84,75.24,79.76,1417175.0,111298095.0
2020-04-09,76.32,79.6,73.26,79.6,1913846.0,149146726.0
2020-04-08,70.64,74.98,67.02,74.98,1670478.0,120516534.0
2020-04-07,70.8,75.96,70.3,72.0,2098675.0,153274177.0
2020-04-06,66.5,68.5,64.5,67.36,1705396.0,114053018.0
2020-04-03,68.28,68.72,63.0,63.0,1616954.0,104800740.0
2020-04-02,70.12,71.42,67.94,68.6,1828156.0,126634896.0
2020-04-01,75.0,76.82,66.96,66.96,2653969.0,184716375.0
2020-03-31,87.44,88.38,79.18,80.14,2177145.0,177459139.0
2020-03-30,86.82,89.6,78.1,84.9,1448441.0,121941672.0
2020-03-27,89.0,93.24,86.14,87.0,2057493.0,182746457.0
2020-03-26,80.0,91.92,77.16,91.92,2117104.0,182502477.0
2020-03-25,71.9,82.78,69.22,81.98,2163725.0,166854708.0
2020-03-24,61.5,70.92,60.0,68.98,2132119.0,141522572.0
2020-03-23,62.58,66.56,56.32,57.04,2529320.0,152251879.0
2020-03-20,59.72,69.48,57.0,66.2,5318333.0,339015914.0
2020-03-19,52.1,58.76,51.1,55.5,3839535.0,211015040.0
2020-03-18,66.0,67.5,52.1,53.14,3766441.0,214668608.0
2020-03-17,77.22,78.78,63.0,68.9,3376431.0,236188975.0
2020-03-16,78.28,79.8,70.22,74.54,3646779.0,270193132.0
2020-03-13,88.44,91.74,82.44,84.28,3676785.0,320037250.0
2020-03-12,93.58,97.1,84.5,85.56,4003276.0,359458567.0
2020-03-11,107.2,107.85,102.2,102.9,2546518.0,265467478.0
2020-03-10,108.3,111.45,105.35,105.65,2445325.0,263426786.0
2020-03-09,109.4,111.1,105.6,107.5,3054045.0,330238726.0
2020-03-06,118.85,119.6,114.7,115.15,2276270.0,264023067.0
2020-03-05,127.85,128.25,121.45,122.0,1520025.0,186761519.0
2020-03-04,127.1,128.6,125.75,126.95,1393136.0,177143902.0
2020-03-03,125.1,129.1,123.85,127.15,2055525.0,260457353.0
2020-03-02,125.7,126.8,119.1,123.3,2599125.0,318180026.0
2020-02-28,124.0,126.3,121.65,124.1,2928620.0,362827521.0
2020-02-27,130.15,134.15,127.9,129.65,2131817.0,278154726.0
2020-02-26,132.4,132.9,127.7,132.3,1716072.0,224783725.0
2020-02-25,137.8,138.05,132.6,132.8,1502340.0,202170960.0
2020-02-24,141.45,141.45,136.35,137.0,1415703.0,195109607.0
2020-02-21,145.15,145.2,143.05,143.8,832431.0,119662024.0
2020-02-20,145.35,147.5,145.3,145.55,702201.0,102564119.0
2020-02-19,144.25,145.95,144.05,145.95,754787.0,109612890.0
2020-02-18,144.15,145.2,143.35,143.35,726343.0,104424135.0
2020-02-17,144.5,145.15,143.45,144.85,538423.0,77749823.0
2020-02-14,145.1,146.05,144.65,145.0,643398.0,93426047.0
2020-02-13,147.45,148.0,144.55,145.2,954058.0,139072298.0
2020-02-12,149.75,150.15,147.35,147.35,659039.0,97446395.0
2020-02-11,149.1,150.5,148.4,149.55,579931.0,86610557.0
2020-02-10,150.05,150.15,148.6,148.6,570055.0,84908703.0
2020-02-07,148.2,152.3,148.2,150.25,792291.0,119156640.0
2020-02-06,147.85,148.85,146.45,147.6,875482.0,129091098.0
2020-02-05,148.15,149.15,146.9,147.5,997146.0,147390030.0
2020-02-04,147.2,148.3,146.7,148.3,725160.0,107289879.0
2020-02-03,146.65,147.15,145.8,146.9,543440.0,79692909.0
2020-01-31,147.6,148.15,145.45,145.95,858072.0,125425000.0
2020-01-30,148.55,149.8,147.3,147.6,819016.0,121328844.0
2020-01-29,144.4,150.7,143.8,150.05,1046752.0,155567642.0
2020-01-28,144.5,144.85,142.4,144.5,594492.0,85589820.0
2020-01-27,145.25,147.3,143.15,143.55,1128665.0,163166354.0
2020-01-24,143.75,147.0,143.6,147.0,1141956.0,166994660.0
2020-01-23,140.05,143.8,140.05,142.1,869924.0,123753581.0
2020-01-22,141.7,142.15,140.05,140.25,641898.0,90399376.0
2020-01-21,141.8,142.15,140.85,142.0,636944.0,90276875.0
2020-01-20,142.25,142.65,141.25,142.15,360336.0,51173036.0
2020-01-17,141.7,142.95,141.55,142.55,678931.0,96643269.0
2020-01-16,139.65,141.8,139.55,141.0,1096200.0,154409995.0
2020-01-15,138.5,140.05,138.2,139.25,969977.0,134855575.0
2020-01-14,137.6,137.95,136.6,137.6,809706.0,111267783.0
2020-01-13,138.4,138.55,136.7,137.45,669352.0,92004263.0
2020-01-10,139.7,139.8,138.2,138.5,690977.0,95787607.0
2020-01-09,138.85,139.45,137.15,139.45,852215.0,118171028.0
2020-01-08,135.9,137.65,135.45,137.5,762013.0,104393831.0
2020-01-07,136.65,138.1,135.9,137.7,730793.0,100393977.0
2020-01-06,136.8,136.85,135.45,136.45,713375.0,97185690.0
2020-01-03,137.2,138.3,136.55,138.0,558276.0,76812763.0
2020-01-02,138.3,138.35,137.05,137.6,727750.0,100238349.0
2019-12-31,136.9,138.1,136.9,137.65,213631.0,29393380.0
2019-12-30,139.65,140.15,137.1,137.1,550764.0,75929541.0
2019-12-27,141.5,141.5,139.55,139.85,546037.0,76542918.0
2019-12-24,141.4,141.8,140.45,140.85,115432.0,16265859.0
2019-12-23,140.4,141.8,140.4,140.85,462527.0,65239624.0
2019-12-20,140.0,141.0,139.3,140.25,1516541.0,212719847.0
2019-12-19,139.0,139.85,138.6,139.85,775551.0,108196986.0
2019-12-18,139.05,140.2,138.6,139.0,1120096.0,155956306.0
2019-12-17,138.7,140.2,134.85,139.4,2077181.0,286812281.0
2019-12-16,144.6,144.8,141.05,141.55,1370593.0,194989441.0
2019-12-13,147.45,147.5,143.75,144.75,1142364.0,165576033.0
2019-12-12,146.9,147.6,144.45,145.65,804902.0,117392872.0
2019-12-11,146.15,147.25,145.75,146.8,544113.0,79762152.0
2019-12-10,147.4,147.6,144.55,146.35,941881.0,137754269.0
2019-12-09,148.2,148.75,147.55,148.0,390757.0,57867219.0
2019-12-06,146.8,148.4,146.1,148.4,540871.0,79768589.0
2019-12-05,145.0,147.25,144.95,146.15,424339.0,62050582.0
2019-12-04,143.55,146.0,143.55,145.15,522693.0,75913759.0
2019-12-03,144.85,145.4,143.2,143.55,710435.0,102179313.0
2019-12-02,148.4,149.5,144.75,144.85,872335.0,127471550.0
2019-11-29,148.25,149.15,147.7,148.45,397362.0,59025432.0
2019-11-28,148.5,149.1,147.65,148.45,383831.0,56998225.0
2019-11-27,149.8,150.2,148.5,148.7,497238.0,74111432.0
2019-11-26,149.3,150.0,148.9,149.0,719107.0,107278064.0
2019-11-25,149.6,149.9,148.75,149.5,347547.0,51931420.0
2019-11-22,149.15,150.55,148.8,149.25,499144.0,74705393.0
2019-11-21,148.45,149.9,147.5,149.35,579318.0,86387918.0
2019-11-20,148.45,149.25,147.15,148.65,483250.0,71707765.0
2019-11-19,149.45,150.85,148.35,148.65,590899.0,88184667.0
2019-11-18,149.7,150.15,148.4,149.0,555165.0,82790153.0
2019-11-15,149.6,150.25,148.8,149.9,656305.0,98275509.0
2019-11-14,148.5,149.6,148.1,148.95,329624.0,49066501.0
2019-11-13,148.4,149.15,147.6,148.4,441210.0,65479225.0
2019-11-12,147.95,149.0,147.45,148.7,621857.0,92340933.0
2019-11-11,145.5,147.15,145.45,146.55,433643.0,63582112.0
2019-11-08,145.05,146.2,144.95,145.5,715713.0,104219762.0
2019-11-07,146.75,146.95,144.6,145.65,539697.0,78592468.0
2019-11-06,143.4,146.85,143.05,146.35,883947.0,129004166.0
2019-11-05,143.3,143.65,142.15,142.7,682060.0,97410001.0
2019-11-04,144.0,144.85,142.9,143.5,729227.0,104835898.0
2019-11-01,142.9,143.5,142.35,143.1,594616.0,85085981.0
2019-10-31,144.0,146.05,141.85,141.85,1196358.0,171301993.0
2019-10-30,142.0,142.9,140.6,142.8,906040.0,128861603.0
2019-10-29,139.4,142.65,139.4,142.4,800509.0,113577754.0
2019-10-28,139.1,140.25,138.55,139.6,482057.0,67298717.0
2019-10-25,139.35,139.9,138.25,139.3,575050.0,80037168.0
2019-10-24,138.75,139.65,138.2,139.2,507825.0,70622849.0
2019-10-23,138.95,138.95,137.1,138.1,639236.0,88201938.0
2019-10-22,138.65,139.45,136.65,139.05,684822.0,94702852.0
2019-10-21,139.0,139.7,137.9,138.0,972840.0,134730866.0
2019-10-18,140.2,141.1,139.75,140.85,741677.0,104357557.0
2019-10-17,140.75,141.4,139.65,140.4,780700.0,109676969.0
2019-10-16,141.7,142.05,140.2,140.4,830052.0,116925386.0
2019-10-15,142.2,143.3,141.7,141.75,713211.0,101342498.0
2019-10-14,142.05,142.1,140.65,141.45,356778.0,50444628.0
2019-10-11,140.8,143.3,140.25,142.1,879496.0,124922615.0
2019-10-10,140.2,140.7,138.7,140.7,782350.0,109515348.0
2019-10-09,139.4,141.0,138.4,140.45,570921.0,79964316.0
2019-10-08,141.25,142.05,139.1,139.35,608152.0,85032905.0
2019-10-07,139.6,141.4,139.6,141.4,407705.0,57449289.0
2019-10-04,139.25,140.8,138.9,140.4,601254.0,84191461.0
2019-10-03,139.0,140.9,137.45,138.65,842865.0,117087934.0
2019-10-02,142.65,143.05,138.9,138.95,979152.0,137081973.0
2019-10-01,145.3,145.3,142.85,142.85,731229.0,105017749.0
2019-09-30,144.6,145.35,144.05,144.45,828922.0,119872745.0
2019-09-27,143.95,145.4,143.65,145.0,654521.0,94785027.0
2019-09-26,142.1,144.5,142.0,143.55,635725.0,91239691.0
2019-09-25,141.45,142.3,140.5,142.3,828140.0,117168300.0
2019-09-24,141.45,142.5,140.75,141.55,494788.0,70035373.0
2019-09-23,142.1,142.65,141.1,141.1,735898.0,104082299.0
2019-09-20,142.85,143.85,142.15,142.3,1824563.0,260270217.0
2019-09-19,141.95,142.95,141.25,142.45,565413.0,80409358.0
2019-09-18,142.3,142.8,141.4,141.85,461441.0,65522367.0
2019-09-17,140.8,142.2,140.7,142.1,595779.0,84418355.0
2019-09-16,142.6,142.85,140.2,140.2,741762.0,104445650.0
2019-09-13,141.8,144.15,141.45,143.8,661499.0,94836220.0
2019-09-12,140.3,143.0,139.65,142.0,1064936.0,150892305.0
2019-09-11,139.95,140.4,138.15,139.25,734346.0,102090073.0
2019-09-10,142.0,142.8,138.75,139.35,1049993.0,147333695.0
2019-09-09,143.75,144.0,141.8,142.45,815371.0,116160436.0
2019-09-06,140.5,143.45,139.5,142.95,1104982.0,157228833.0
2019-09-05,137.7,142.05,137.45,138.0,1631923.0,226970648.0
2019-09-04,130.7,131.35,130.55,131.3,721161.0,94493914.0
2019-09-03,131.7,131.9,129.2,129.9,608931.0,79291139.0
2019-09-02,131.9,132.15,130.65,131.9,468542.0,61681157.0
2019-08-30,131.65,132.45,131.4,132.15,617437.0,81542681.0
2019-08-29,126.8,131.0,126.8,131.0,644132.0,83698708.0
2019-08-28,127.95,128.05,125.45,127.0,491011.0,62252476.0
2019-08-27,128.65,129.05,126.7,128.25,763584.0,97740077.0
2019-08-26,128.75,129.2,127.4,128.0,566801.0,72664112.0
2019-08-23,129.65,132.65,129.0,129.2,1065067.0,138710107.0
2019-08-22,129.45,130.0,128.05,128.4,665771.0,85775555.0
2019-08-21,127.1,130.4,127.1,130.1,678196.0,87868397.0
2019-08-20,126.85,127.85,125.75,126.5,509853.0,64557284.0
2019-08-19,127.5,128.1,126.3,126.95,523665.0,66513043.0
2019-08-16,126.2,126.55,125.1,126.3,696931.0,87899185.0
2019-08-15,124.55,126.15,122.3,125.3,918063.0,114296967.0
2019-08-14,127.9,127.95,123.75,124.0,900057.0,112355441.0
2019-08-13,126.85,129.05,125.3,127.9,829486.0,105581965.0
2019-08-12,127.7,128.75,126.15,127.15,588452.0,74829115.0
2019-08-09,127.55,127.95,126.3,126.65,679376.0,86280406.0
2019-08-08,124.6,127.55,124.15,127.55,895888.0,113376266.0
2019-08-07,122.2,124.45,121.75,122.9,829972.0,102174723.0
2019-08-06,123.2,123.95,121.65,121.65,953614.0,117041469.0
2019-08-05,125.45,125.55,123.15,123.65,1071500.0,132822196.0
2019-08-02,128.0,129.35,125.7,126.65,1334792.0,169975901.0
2019-08-01,129.0,131.2,128.55,130.55,686289.0,89373693.0
2019-07-31,130.7,131.9,129.1,129.85,914592.0,119145804.0
2019-07-30,132.85,133.05,130.15,131.1,745111.0,97685403.0
2019-07-29,134.6,135.1,132.55,132.55,705239.0,93899312.0
2019-07-26,133.1,135.0,132.9,135.0,789291.0,106005615.0
2019-07-25,136.2,137.2,132.8,132.95,1081207.0,144988129.0
2019-07-24,136.05,136.6,135.55,135.95,617026.0,83941200.0
2019-07-23,133.4,137.2,133.35,136.45,997089.0,135551588.0
2019-07-22,132.9,133.8,132.55,133.25,699870.0,93261807.0
2019-07-19,131.2,133.75,131.2,133.3,1240518.0,164953752.0
2019-07-18,128.4,131.05,128.35,129.95,773894.0,100593895.0
2019-07-17,129.85,131.2,129.55,129.55,818917.0,106598105.0
2019-07-16,127.45,130.55,127.35,130.2,911217.0,117747553.0
2019-07-15,129.2,129.95,128.0,128.75,844245.0,108911191.0
2019-07-12,128.0,129.55,127.65,129.3,494107.0,63760177.0
2019-07-11,128.6,129.25,127.7,127.7,521562.0,66838664.0
2019-07-10,128.55,130.15,128.35,128.7,605564.0,78158523.0
2019-07-09,129.8,129.95,128.6,128.95,552459.0,71365339.0
2019-07-08,129.9,130.1,128.35,129.65,582633.0,75377384.0
2019-07-05,131.05,131.15,130.0,130.75,745981.0,97560248.0
2019-07-04,131.6,131.8,130.95,131.2,475268.0,62386480.0
2019-07-03,130.5,131.5,130.35,131.45,609562.0,79935865.0
2019-07-02,129.7,130.25,128.75,130.05,698679.0,90739101.0
2019-07-01,128.8,130.45,128.8,129.15,542780.0,70215862.0
2019-06-28,128.5,129.25,127.2,128.85,1121306.0,144065765.0
2019-06-27,130.75,130.85,128.35,128.35,966191.0,124527394.0
2019-06-26,131.3,131.8,130.6,130.8,595369.0,78023076.0
2019-06-25,131.4,132.7,131.1,131.55,555882.0,73310598.0
2019-06-24,131.9,133.15,131.45,131.45,661345.0,87206369.0
2019-06-21,132.4,133.85,131.8,131.85,1530496.0,202441131.0
2019-06-20,132.6,133.6,131.25,132.45,763877.0,101284670.0
2019-06-19,130.0,133.95,129.55,131.7,1557154.0,205326643.0
2019-06-18,124.8,129.0,124.45,129.0,1313735.0,168151391.0
2019-06-17,122.85,124.95,122.85,124.9,723735.0,89925080.0
2019-06-14,123.2,123.65,122.5,122.9,569550.0,70016686.0
2019-06-13,124.15,124.3,122.9,123.25,518756.0,64105443.0
2019-06-12,124.1,124.5,122.75,124.15,635479.0,78659129.0
2019-06-11,123.25,125.2,123.25,124.75,708374.0,88286464.0
2019-06-10,123.35,123.35,121.95,123.3,477112.0,58622860.0
2019-06-07,120.4,123.25,120.4,122.35,658493.0,80552933.0
2019-06-06,121.25,122.05,119.6,119.95,610723.0,73614879.0
2019-06-05,120.5,122.15,120.2,120.75,621843.0,75235961.0
2019-06-04,118.7,120.35,117.2,120.35,894708.0,106815410.0
2019-06-03,117.0,119.1,116.2,119.05,700327.0,82715164.0
2019-05-31,116.95,117.7,116.3,117.7,717710.0,84129426.0
2019-05-30,117.9,118.35,117.25,118.1,390382.0,46050520.0
2019-05-29,118.1,119.15,116.85,117.15,790057.0,92821889.0
2019-05-28,122.1,123.0,119.2,119.25,1300935.0,155699307.0
2019-05-27,121.8,122.35,120.9,121.8,536311.0,65168112.0
2019-05-24,120.15,122.55,120.05,121.9,854406.0,103949886.0
2019-05-23,122.55,122.9,119.0,119.35,811730.0,97367668.0
2019-05-22,123.4,124.25,122.75,123.5,581347.0,71857690.0
2019-05-21,124.8,125.15,123.15,123.15,837234.0,103752440.0
2019-05-20,125.9,126.35,124.55,124.8,737462.0,92286756.0
2019-05-17,126.25,126.5,124.95,125.75,826712.0,103960495.0
2019-05-16,124.25,126.2,123.15,126.15,791658.0,99041672.0
2019-05-15,121.5,124.3,121.15,124.3,1139293.0,140173683.0
2019-05-14,121.25,122.0,120.5,121.4,695821.0,84466901.0
2019-05-13,123.15,123.55,120.1,120.2,517094.0,62513547.0
2019-05-10,123.55,124.15,122.3,123.05,663129.0,81640998.0
2019-05-09,124.0,124.4,122.3,122.4,656639.0,80746498.0
2019-05-08,124.5,124.95,122.9,124.25,783944.0,97396270.0
2019-05-07,127.2,127.8,124.55,124.55,718747.0,90108281.0
2019-05-06,125.05,127.55,123.15,127.05,495488.0,62527482.0
2019-05-03,126.8,128.0,126.65,126.95,589259.0,74926714.0
2019-05-02,129.9,130.0,126.9,126.9,762921.0,97312889.0
2019-04-30,129.5,129.9,128.65,129.9,685356.0,88822952.0
2019-04-29,129.3,129.65,127.3,129.1,523326.0,67403532.0
2019-04-26,127.0,129.9,126.9,129.35,1157746.0,149180648.0
2019-04-25,126.1,126.3,124.7,125.15,658373.0,82463102.0
2019-04-24,125.15,126.4,124.75,125.8,529701.0,66566809.0
2019-04-23,123.65,125.6,123.0,125.2,722893.0,90105942.0
2019-04-18,123.2,124.4,122.5,123.75,1290289.0,159623110.0
2019-04-17,121.9,123.0,121.25,122.9,669147.0,81964526.0
2019-04-16,121.2,121.65,120.2,121.65,562903.0,68212696.0
2019-04-15,121.95,122.5,120.9,121.25,620908.0,75440951.0
2019-04-12,119.85,122.0,119.7,122.0,580208.0,70535172.0
2019-04-11,121.05,121.45,119.8,120.45,626486.0,75460341.0
2019-04-10,121.3,122.15,120.9,120.9,785612.0,95271873.0
2019-04-09,121.55,122.2,121.15,121.35,779580.0,94745207.0
2019-04-08,123.75,123.75,121.95,123.0,1021102.0,125549684.0
2019-04-05,124.5,125.55,124.45,125.45,1332998.0,166907615.0
2019-04-04,125.0,125.4,124.0,124.0,728682.0,90604314.0
2019-04-03,123.3,125.05,123.15,125.05,747780.0,93064010.0
2019-04-02,123.15,123.6,122.35,122.35,533316.0,65405944.0
2019-04-01,123.75,123.9,122.3,123.2,575938.0,70876555.0
2019-03-29,119.35,122.3,119.25,122.25,1054821.0,128206218.0
2019-03-28,117.15,119.55,117.1,118.65,734457.0,87159097.0
2019-03-27,118.1,118.4,116.35,116.9,790863.0,92651924.0
2019-03-26,117.9,119.3,117.35,118.1,608140.0,71937586.0
2019-03-25,117.75,118.15,116.7,117.85,799473.0,94005464.0
2019-03-22,121.5,121.65,118.0,118.1,909882.0,108200205.0
2019-03-21,121.0,121.95,120.45,120.95,558114.0,67606316.0
2019-03-20,121.7,122.35,120.9,120.9,648331.0,78667480.0
2019-03-19,119.8,121.8,119.5,121.25,766972.0,92895890.0
2019-03-18,119.2,119.85,118.25,119.85,585734.0,69926537.0
2019-03-15,118.0,119.6,117.65,118.8,2307917.0,274194683.0
2019-03-14,117.2,117.65,116.15,117.4,851282.0,99695131.0
2019-03-13,116.9,117.4,116.6,117.25,714889.0,83734362.0
2019-03-12,118.5,118.5,116.1,117.0,1174822.0,137476208.0
2019-03-11,117.6,119.1,115.7,117.55,1175612.0,137785334.0
2019-03-08,119.6,120.55,119.2,119.55,672515.0,80494059.0
2019-03-07,120.5,120.7,119.5,120.15,625087.0,75066120.0
2019-03-06,120.8,121.4,120.35,120.7,654469.0,79080790.0
2019-03-05,120.7,121.1,120.0,120.9,570139.0,68815756.0
2019-03-04,120.3,121.25,120.0,120.45,459411.0,55386359.0
2019-03-01,119.8,120.7,119.6,120.0,769703.0,92461960.0
2019-02-28,119.6,120.2,118.6,119.9,865694.0,103653078.0
2019-02-27,119.0,120.5,117.85,120.0,1103521.0,132001968.0
2019-02-26,119.5,120.6,118.4,120.3,789172.0,94493973.0
2019-02-25,119.9,120.1,118.95,119.8,612868.0,73345470.0
2019-02-22,118.7,120.0,118.2,120.0,696755.0,83269061.0
2019-02-21,117.75,118.4,117.25,118.25,774167.0,91440241.0
2019-02-20,115.95,118.15,115.5,117.5,787282.0,92259785.0
2019-02-19,115.7,116.35,114.65,115.8,742831.0,85988832.0
2019-02-18,115.3,116.45,115.15,115.55,635173.0,73491896.0
2019-02-15,114.5,115.65,114.0,115.15,845737.0,97411193.0
2019-02-14,116.05,116.7,114.2,114.2,652415.0,75095050.0
2019-02-13,113.9,115.2,113.8,114.85,691584.0,79318613.0
2019-02-12,114.65,114.95,113.6,113.6,568833.0,64877506.0
2019-02-11,112.6,113.75,112.4,113.55,498249.0,56473468.0
2019-02-08,113.4,114.2,112.05,112.25,824683.0,93000186.0
2019-02-07,114.65,115.35,113.15,113.15,962356.0,109581394.0
2019-02-06,116.15,116.5,114.7,114.7,772029.0,88892788.0
2019-02-05,115.15,117.1,114.4,116.45,869946.0,101216506.0
2019-02-04,115.05,115.85,114.6,115.25,604123.0,69546461.0
2019-02-01,115.0,115.5,114.3,114.9,647172.0,74379851.0
2019-01-31,114.8,115.05,113.8,114.5,843899.0,96562928.0
2019-01-30,113.65,114.55,112.75,114.1,865883.0,98496858.0
2019-01-29,111.45,114.55,111.15,113.75,863660.0,98051240.0
2019-01-28,110.6,112.1,110.2,110.95,817681.0,90746686.0
2019-01-25,109.55,110.95,109.15,110.5,815938.0,90026600.0
2019-01-24,110.0,110.0,108.65,109.25,752718.0,82272304.0
2019-01-23,108.8,111.2,108.4,109.75,925107.0,101801334.0
2019-01-22,109.6,109.75,108.85,109.2,697696.0,76215982.0
2019-01-21,109.5,110.45,109.5,110.1,608108.0,66938369.0
2019-01-18,108.9,110.45,108.7,110.05,1173433.0,129163104.0
2019-01-17,108.25,108.85,107.6,108.2,912055.0,98738800.0
2019-01-16,109.1,109.1,108.1,108.35,744696.0,80715572.0
2019-01-15,106.5,108.1,106.5,108.0,803410.0,86466614.0
2019-01-14,104.7,106.1,104.7,105.8,571830.0,60455964.0
2019-01-11,105.7,105.75,104.5,105.55,733682.0,77303662.0
2019-01-10,105.85,106.05,103.55,105.6,959499.0,100572463.0
2019-01-09,107.05,108.95,106.7,107.95,820803.0,88713116.0
2019-01-08,103.9,107.6,103.85,106.45,817869.0,86906853.0
2019-01-07,106.1,106.4,102.25,103.45,883028.0,91348919.0
2019-01-04,102.1,105.7,101.4,105.2,886181.0,92056709.0
2019-01-03,103.05,103.85,101.1,101.1,674387.0,68781739.0
2019-01-02,104.35,104.5,102.35,103.45,759106.0,78591069.0
2018-12-31,103.4,105.4,103.1,105.4,240481.0,25213774.0
2018-12-28,101.25,103.85,101.0,103.1,677330.0,69644805.0
2018-12-27,102.5,102.75,99.98,100.7,812187.0,82026607.0
2018-12-24,101.7,102.55,101.05,101.6,218348.0,22233090.0
2018-12-21,103.45,103.6,101.3,102.65,1926257.0,197547207.0
2018-12-20,105.4,105.45,103.25,104.1,1139693.0,118782273.0
2018-12-19,107.0,107.7,105.95,106.35,811496.0,86505602.0
2018-12-18,107.5,108.5,106.6,107.2,794598.0,85341412.0
2018-12-17,108.2,108.6,106.75,107.6,796658.0,85753656.0
2018-12-14,107.6,108.9,107.0,108.2,706648.0,76363286.0
2018-12-13,108.75,109.6,108.1,108.6,709373.0,77141257.0
2018-12-12,106.1,109.1,105.6,108.65,1061078.0,114772429.0
2018-12-11,103.05,105.65,102.45,105.3,1141061.0,119608606.0
2018-12-10,105.5,105.85,102.55,102.55,1039897.0,107732943.0
2018-12-07,106.75,107.75,105.65,105.65,863398.0,91711604.0
2018-12-06,108.0,108.3,105.85,106.0,1121908.0,119379646.0
2018-12-05,110.75,110.95,109.05,109.1,669097.0,73386513.0
2018-12-04,112.05,112.7,111.45,111.75,953192.0,106706276.0
2018-12-03,112.55,112.55,110.45,112.15,790972.0,88491107.0
2018-11-30,111.65,111.9,109.5,110.35,1513425.0,167122950.0
2018-11-29,106.15,112.15,104.6,111.5,1704434.0,186930192.0
2018-11-28,108.8,109.4,106.15,106.15,1093920.0,117432369.0
2018-11-27,108.0,109.25,107.6,108.25,689197.0,74602016.0
2018-11-26,109.35,110.05,108.1,108.2,611859.0,66509348.0
2018-11-23,106.65,109.0,106.4,108.85,554290.0,59960928.0
2018-11-22,107.3,107.45,106.35,106.45,474041.0,50554951.0
2018-11-21,107.75,108.0,106.35,107.55,771371.0,82818572.0
2018-11-20,106.9,107.7,105.5,106.9,925438.0,98850517.0
2018-11-19,109.05,109.65,107.65,107.95,860474.0,93412444.0
2018-11-16,110.0,110.35,108.0,108.7,1017216.0,110755374.0
2018-11-15,111.95,111.95,108.35,109.25,1028726.0,112860056.0
2018-11-14,112.4,113.45,110.65,111.2,963916.0,107650588.0
2018-11-13,111.75,113.25,111.6,112.9,625211.0,70389313.0
2018-11-12,113.05,113.3,111.45,111.6,586967.0,65703682.0
2018-11-09,114.25,114.5,112.0,112.45,777207.0,87567747.0
2018-11-08,114.3,115.1,113.05,114.35,851501.0,97260613.0
2018-11-07,111.9,113.55,111.65,113.4,1244304.0,140545804.0
2018-11-06,111.6,112.0,110.5,110.5,786489.0,87235866.0
2018-11-05,113.25,113.25,111.1,111.1,678183.0,75656753.0
2018-11-02,115.65,117.05,112.55,112.8,1291104.0,146912414.0
2018-11-01,114.4,115.55,112.85,113.1,1286623.0,146489307.0
2018-10-31,109.7,114.8,109.4,114.05,2201661.0,249422880.0
2018-10-30,109.0,110.9,107.6,108.65,1974637.0,214814086.0
2018-10-29,109.0,110.3,107.8,107.85,1099259.0,119807980.0
2018-10-26,110.25,110.25,107.65,109.7,1702621.0,185136701.0
2018-10-25,108.8,112.1,108.6,110.95,1692498.0,187306880.0
2018-10-24,109.6,112.05,108.4,109.4,2517841.0,276419273.0
2018-10-23,106.85,107.2,104.75,105.2,1521772.0,160853937.0
2018-10-22,107.8,108.8,107.45,108.15,1005406.0,108798280.0
2018-10-19,109.15,110.05,106.95,107.5,1502155.0,162132198.0
2018-10-18,110.25,110.95,108.7,108.75,904388.0,99186481.0
2018-10-17,111.5,112.3,109.7,109.95,1154851.0,127782497.0
2018-10-16,107.6,111.95,107.6,111.95,1303000.0,144247951.0
2018-10-15,108.25,108.35,106.85,107.5,1201723.0,129260726.0
2018-10-12,107.25,109.35,107.1,108.8,1579903.0,171400617.0
2018-10-11,107.15,108.45,105.4,106.5,2060505.0,220616605.0
2018-10-10,112.55,112.65,109.35,109.35,1495416.0,165214168.0
2018-10-09,113.95,114.25,111.45,111.95,1203547.0,135153002.0
2018-10-08,116.25,116.65,113.95,114.0,938260.0,107550413.0
2018-10-05,116.75,117.4,115.95,116.3,992739.0,115588968.0
2018-10-04,118.55,119.55,116.05,116.05,1198461.0,140197214.0
2018-10-03,118.55,119.4,118.5,119.0,631742.0,75203384.0
2018-10-02,118.0,119.0,117.0,118.5,1338555.0,158312647.0
2018-10-01,121.0,121.15,119.9,120.4,496020.0,59784366.0
2018-09-28,121.25,122.25,120.2,120.7,871057.0,105405041.0
2018-09-27,120.8,121.55,120.25,121.5,625242.0,75818884.0
2018-09-26,120.85,121.95,120.3,120.95,850942.0,103061369.0
2018-09-25,119.5,120.85,119.1,120.5,553069.0,66581272.0
2018-09-24,119.95,120.4,119.2,119.5,770486.0,92174058.0
2018-09-21,121.55,121.95,120.15,120.15,2419367.0,291638211.0
2018-09-20,119.75,121.25,119.2,121.0,854474.0,102998718.0
2018-09-19,118.4,119.9,117.95,119.55,808399.0,96416266.0
2018-09-18,117.9,119.2,117.1,117.65,795609.0,93748605.0
2018-09-17,118.0,118.2,117.35,117.8,582338.0,68608551.0
2018-09-14,118.5,118.65,117.05,118.05,720785.0,84987533.0
2018-09-13,117.85,119.25,117.75,117.85,605300.0,71588349.0
2018-09-12,117.5,118.3,116.65,117.8,771887.0,90779451.0
2018-09-11,116.2,117.8,115.05,117.5,837441.0,97723739.0
2018-09-10,118.35,118.4,115.6,115.7,804056.0,93475095.0
2018-09-07,116.1,119.35,116.05,117.4,1573057.0,185084567.0
2018-09-06,114.45,119.15,112.7,116.05,2072594.0,240542115.0
2018-09-05,110.15,110.5,108.6,109.1,1052432.0,115002093.0
2018-09-04,113.05,113.15,109.7,110.15,996842.0,110341088.0
2018-09-03,112.2,112.75,111.95,112.45,447133.0,50249693.0
2018-08-31,113.0,113.15,111.35,112.3,903981.0,101433111.0
2018-08-30,113.25,113.55,112.6,112.9,499105.0,56379895.0
2018-08-29,112.5,113.65,112.3,113.2,704448.0,79660572.0
2018-08-28,112.0,112.4,111.75,112.0,555946.0,62295710.0
2018-08-27,110.0,111.85,109.9,111.85,545031.0,60614352.0
2018-08-24,109.1,109.95,108.95,109.9,538855.0,59076355.0
2018-08-23,108.0,109.2,108.0,109.0,424657.0,46240646.0
2018-08-22,108.15,108.45,107.75,107.95,519310.0,56103400.0
2018-08-21,107.6,108.5,107.4,108.25,430779.0,46595958.0
2018-08-20,107.0,108.0,106.5,107.7,380258.0,40910412.0
2018-08-17,107.2,107.5,106.3,106.8,432812.0,46220315.0
2018-08-16,107.15,107.45,106.35,106.85,645573.0,69004856.0
2018-08-15,108.0,108.95,106.5,106.7,978618.0,105108985.0
2018-08-14,107.85,108.3,107.25,107.55,472046.0,50828595.0
2018-08-13,106.75,107.65,106.45,107.4,408212.0,43757790.0
2018-08-10,106.95,107.2,106.35,106.8,901714.0,96355690.0
2018-08-09,106.95,107.85,106.55,107.85,497575.0,53514477.0
2018-08-08,107.75,108.25,106.95,107.0,527030.0,56539037.0
2018-08-07,107.0,107.95,106.65,107.8,688608.0,74108960.0
2018-08-06,105.6,107.65,105.5,106.6,653294.0,69649533.0
2018-08-03,105.45,106.2,105.15,105.5,803942.0,84915831.0
2018-08-02,105.9,106.2,105.0,105.0,1123907.0,118381161.0
2018-08-01,106.0,106.55,105.85,106.0,634661.0,67340042.0
2018-07-31,107.1,107.3,105.65,106.05,896844.0,95138251.0
2018-07-30,107.25,107.35,106.8,107.15,477239.0,51140612.0
2018-07-27,107.9,107.95,107.2,107.35,649764.0,69850009.0
2018-07-26,107.75,108.4,107.3,107.7,955875.0,102956073.0
2018-07-25,106.95,108.05,106.95,107.1,935436.0,100379605.0
2018-07-24,107.25,107.55,106.55,107.05,824667.0,88304375.0
2018-07-23,107.55,107.65,106.75,106.85,585024.0,62586148.0
2018-07-20,107.15,107.9,105.9,107.65,1340172.0,143577455.0
2018-07-19,107.9,108.35,106.95,107.3,672617.0,72231248.0
2018-07-18,108.05,108.5,107.1,107.8,696207.0,75083365.0
2018-07-17,106.85,108.65,106.7,107.95,773065.0,83397274.0
2018-07-16,107.4,108.05,106.7,106.9,642328.0,68847707.0
2018-07-13,106.55,107.75,106.55,107.4,794840.0,85377855.0
2018-07-12,103.95,106.5,103.9,106.5,1018344.0,107714718.0
2018-07-11,103.45,104.05,102.9,103.55,906121.0,93865059.0
2018-07-10,103.4,104.3,103.1,104.0,741056.0,77052253.0
2018-07-09,103.25,103.75,102.7,102.95,916822.0,94447310.0
2018-07-06,103.1,103.4,102.25,102.85,858426.0,88259891.0
2018-07-05,102.95,103.25,102.65,103.0,1093880.0,112649653.0
2018-07-04,102.6,102.65,101.55,102.6,612331.0,62607435.0
2018-07-03,102.9,103.35,101.9,102.65,1001840.0,102925196.0
2018-07-02,102.35,102.85,101.7,102.3,1521718.0,155672567.0
2018-06-29,102.2,104.25,101.8,104.05,1715355.0,177599697.0
2018-06-28,99.98,100.65,99.5,100.15,1069164.0,106900300.0
2018-06-27,97.64,101.05,97.42,100.05,1448221.0,143982532.0
2018-06-26,97.66,98.36,97.36,97.64,882376.0,86345390.0
2018-06-25,100.0,100.0,97.08,97.08,610067.0,59623336.0
2018-06-22,99.68,100.2,99.28,99.7,770092.0,76778671.0
2018-06-21,100.5,100.6,98.72,98.98,879801.0,87451121.0
2018-06-20,100.2,100.9,99.64,100.05,1163189.0,116491594.0
2018-06-19,100.15,100.4,98.7,99.54,1063399.0,105792370.0
2018-06-18,102.9,102.95,101.15,101.8,879317.0,89519615.0
2018-06-15,104.25,105.35,103.4,103.4,2125178.0,220618780.0
2018-06-14,102.65,104.75,102.2,104.15,1295476.0,134756692.0
2018-06-13,102.45,103.55,102.15,102.7,898734.0,92397185.0
2018-06-12,103.1,103.25,102.3,102.4,705695.0,72438890.0
2018-06-11,102.75,103.25,102.45,102.85,713354.0,73333348.0
2018-06-08,101.5,102.65,100.9,102.55,790394.0,80677177.0
2018-06-07,102.85,103.15,101.6,102.0,667656.0,68297612.0
2018-06-06,102.05,102.6,101.45,102.05,788377.0,80456247.0
2018-06-05,102.55,103.45,101.75,101.75,1117396.0,114536117.0
2018-06-04,104.5,104.5,102.15,102.35,952167.0,97948576.0
2018-06-01,103.15,104.05,102.6,103.7,988775.0,102444259.0
2018-05-31,101.2,102.45,100.7,102.15,1788683.0,182205942.0
2018-05-30,102.55,102.9,100.15,100.75,1079203.0,108804857.0
2018-05-29,99.14,101.0,98.3,100.4,1228961.0,122926163.0
2018-05-28,102.5,102.9,101.0,101.25,516448.0,52581196.0
2018-05-25,102.0,102.6,100.9,101.5,806767.0,82043333.0
2018-05-24,100.7,101.55,99.96,100.5,648083.0,65257659.0
2018-05-23,101.7,102.1,100.3,100.6,896579.0,90448878.0
2018-05-22,102.5,102.65,101.65,101.95,654649.0,66796335.0
2018-05-21,101.85,102.85,101.7,102.35,390920.0,40007292.0
2018-05-18,101.2,101.95,100.5,101.3,1160067.0,117595084.0
2018-05-17,100.0,101.4,99.66,101.4,814276.0,82147827.0
2018-05-16,99.0,99.96,98.78,99.92,505736.0,50376303.0
2018-05-15,98.88,99.5,98.54,99.18,742455.0,73588929.0
2018-05-14,99.7,99.7,98.56,98.86,467923.0,46263749.0
2018-05-11,99.9,99.94,99.06,99.42,633517.0,62953650.86
2018-05-10,99.0,99.92,98.92,99.74,421000.0,41932218.34
2018-05-09,98.0,98.9,97.64,98.9,775581.0,76511289.0
2018-05-08,98.0,98.46,97.7,98.2,771895.0,75732764.32
2018-05-07,97.7,98.4,97.48,98.28,354089.0,34742888.64
2018-05-04,98.28,98.88,97.38,97.5,1216175.0,118920666.52
2018-05-03,97.82,98.4,97.5,97.82,865897.0,84754238.1
2018-05-02,97.74,97.8,96.78,97.56,1168339.0,113807348.68
2018-04-30,95.28,97.48,95.22,97.46,1143405.0,110861511.78
2018-04-27,94.88,96.12,94.5,95.24,1100045.0,104701805.6
2018-04-26,92.34,95.14,92.32,94.74,1749204.0,164069673.945
2018-04-25,89.52,90.52,89.42,90.52,1016903.0,91656453.74
2018-04-24,90.0,90.54,89.62,90.48,979615.0,88449245.02
2018-04-23,89.9,90.0,89.42,89.94,794684.0,71350106.98
2018-04-20,90.18,90.46,89.54,90.08,1213607.0,109329361.1
2018-04-19,89.98,90.54,89.42,90.18,753487.0,67849069.0
2018-04-18,89.44,90.1,89.22,89.94,716944.0,64348373.46
2018-04-17,88.68,89.82,88.16,89.5,862277.0,77061025.52
2018-04-16,88.68,89.16,88.2,88.34,404885.0,35816806.56
2018-04-13,88.68,89.24,88.32,88.66,999295.0,88732142.22
2018-04-12,88.0,88.5,87.34,88.38,1015324.0,89396109.86
2018-04-11,88.44,88.52,87.18,88.0,913065.0,80273961.18
2018-04-10,89.16,89.2,88.04,88.62,1002449.0,88786494.24
2018-04-09,88.0,88.86,87.8,88.84,1123239.0,99468755.84
2018-04-06,87.74,88.2,86.96,87.7,780639.0,68364090.04
2018-04-05,85.1,87.58,85.02,87.44,1308096.0,113479951.84
2018-04-04,85.56,86.06,83.3,83.6,1230529.0,103471684.16
2018-04-03,85.44,86.24,84.36,85.6,1094385.0,93477807.16
2018-03-29,84.98,86.34,84.84,85.98,1388244.0,119234927.28
2018-03-28,83.26,84.7,82.76,84.54,1103589.0,92683325.56
2018-03-27,83.42,84.74,83.32,84.14,1159098.0,97520971.04
2018-03-26,83.16,83.36,81.56,82.0,859192.0,69075933.44
2018-03-23,84.2,84.3,82.7,82.96,1592253.0,132621804.6
2018-03-22,85.96,86.46,84.06,84.96,1233604.0,104964047.7
2018-03-21,87.74,87.78,86.24,86.38,620810.0,53750070.6
2018-03-20,86.64,87.82,86.2,87.8,612656.0,53502770.5
2018-03-19,87.94,88.02,86.5,86.7,634459.0,55198763.98
2018-03-16,88.4,88.76,87.68,87.98,1784315.0,157194252.86
2018-03-15,88.18,88.82,87.9,88.6,726017.0,64256621.68
2018-03-14,88.3,88.74,87.36,87.72,723257.0,63662873.16
2018-03-13,88.98,89.28,88.24,88.5,933234.0,82867500.7
2018-03-12,89.76,89.88,88.2,88.64,848687.0,75521687.24
2018-03-09,88.2,89.34,88.06,88.76,909513.0,80691357.2
2018-03-08,86.2,88.24,86.1,88.08,1000215.0,87737084.86
2018-03-07,85.5,86.6,85.18,86.18,938386.0,80649398.12
2018-03-06,86.02,86.22,85.32,85.32,1065125.0,91223713.46
2018-03-05,84.76,86.14,84.76,85.34,1104155.0,94423261.4
2018-03-02,88.12,88.14,84.36,84.84,1605520.0,137273575.9
2018-03-01,90.68,90.7,88.84,88.96,1094620.0,97868427.78
2018-02-28,91.0,91.46,90.82,90.9,883030.0,80355613.34
2018-02-27,89.0,91.38,87.38,91.36,1566870.0,141594763.633
2018-02-26,90.4,90.66,89.86,89.9,877095.0,79048250.46
2018-02-23,90.16,90.52,89.76,90.3,647340.0,58371965.02
2018-02-22,89.6,90.62,89.36,90.1,880353.0,79157011.0
2018-02-21,89.62,90.3,89.02,90.3,883149.0,79464606.36
2018-02-20,89.0,89.96,89.0,89.86,697052.0,62541561.7
2018-02-19,89.6,89.68,88.8,89.12,434966.0,38740544.92
2018-02-16,88.22,89.44,88.04,89.1,1129173.0,100489070.78
2018-02-15,87.06,88.56,86.56,87.82,1080989.0,94903703.88
2018-02-14,85.2,86.68,83.86,86.3,1196497.0,102401809.0
2018-02-13,84.18,84.92,83.9,84.5,873358.0,73781964.76
2018-02-12,83.94,85.04,83.22,84.1,1131959.0,95311991.52
2018-02-09,83.46,84.14,82.5,83.1,1277227.0,106203841.46
2018-02-08,86.48,86.5,83.56,84.1,1422690.0,119962840.16
2018-02-07,86.0,87.2,84.52,86.88,1218757.0,104917972.916
2018-02-06,82.76,87.5,81.04,85.34,2475048.0,208852548.46
2018-02-05,86.0,86.1,85.26,85.26,1032517.0,88320805.46
2018-02-02,88.98,89.56,86.68,86.74,1046556.0,91307310.96
2018-02-01,91.18,91.56,89.0,89.4,882371.0,79232707.02
2018-01-31,89.98,91.04,89.86,90.94,1030416.0,93365155.9
2018-01-30,89.74,90.62,89.68,89.78,712568.0,64147141.9
2018-01-29,90.42,90.58,90.14,90.24,540124.0,48771296.852
2018-01-26,89.74,90.26,89.36,90.04,908347.0,81743626.46
2018-01-25,90.34,90.34,89.36,89.5,1210876.0,108659609.7
2018-01-24,90.42,91.18,90.02,90.02,1039974.0,94075889.7
2018-01-23,91.46,91.56,90.36,90.5,917080.0,83165761.24
2018-01-22,91.4,91.56,90.76,90.8,759621.0,69068225.7
2018-01-19,91.38,92.36,90.84,91.26,1013161.0,92633395.26
2018-01-18,90.12,91.18,90.04,91.18,772912.0,70269609.74
2018-01-17,90.0,90.36,89.8,90.1,930409.0,83806634.9
2018-01-16,89.88,90.64,89.84,90.64,736105.0,66595880.54
2018-01-15,90.26,90.58,89.88,89.9,542291.0,48790930.54
2018-01-12,90.36,90.84,89.84,90.48,588589.0,53193223.74
2018-01-11,89.8,90.46,89.54,90.0,764736.0,68800124.88
2018-01-09,88.96,89.96,88.86,89.7,688067.0,61701420.92
2018-01-08,89.44,89.6,88.82,89.04,632837.0,56367788.2
2018-01-05,89.24,89.86,88.82,89.2,803318.0,71688346.12
2018-01-04,87.2,88.84,87.18,88.68,907897.0,80184452.84
2018-01-03,84.02,86.0,83.78,85.62,726302.0,61949747.1
2018-01-02,86.38,86.38,84.96,85.2,755373.0,64586443.82
2017-12-29,86.34,86.75,85.89,85.91,539175.0,46474614.51
2017-12-28,87.54,87.89,86.41,86.54,426699.0,37081119.69
2017-12-27,87.71,88.0,87.53,87.83,362605.0,31842805.96
2017-12-22,88.01,88.46,87.7,88.05,392259.0,34549602.36
2017-12-21,87.48,88.5,87.29,88.5,805019.0,71047105.77
2017-12-20,87.85,88.34,87.58,87.84,569716.0,50106137.42
2017-12-19,87.76,88.53,87.68,88.1,723588.0,63735333.77
2017-12-18,86.9,88.18,86.9,88.08,1168993.0,102743531.286
2017-12-15,85.58,87.07,85.31,86.11,1432880.0,123535996.21
2017-12-14,85.9,86.62,85.0,85.83,1417880.0,121680371.21
2017-12-13,87.79,88.1,87.3,87.61,1093512.0,95849575.286
2017-12-12,88.25,88.37,87.28,88.15,584632.0,51443994.56
2017-12-11,89.4,89.45,87.54,87.9,690580.0,60805675.95
2017-12-08,89.91,89.95,88.77,89.07,696273.0,62156702.8
2017-12-07,89.05,89.64,88.73,89.52,916459.0,81936289.98
2017-12-06,88.2,89.06,87.76,88.8,714212.0,63364316.58
2017-12-05,89.25,89.56,88.13,88.95,621181.0,55213254.68
2017-12-04,89.15,89.8,89.01,89.13,962260.0,85917544.95
2017-12-01,89.72,89.79,87.72,87.75,1026424.0,90724472.94
2017-11-30,90.6,90.74,89.29,89.53,2933845.0,262894432.35
2017-11-29,89.48,91.18,89.41,90.43,1505802.0,136255275.33
2017-11-28,87.39,88.91,86.86,88.91,976035.0,86283133.21
2017-11-27,86.76,87.55,86.57,86.99,797903.0,69422900.56
2017-11-24,86.94,87.13,86.44,86.8,688705.0,59806590.18
2017-11-23,86.76,87.28,86.65,87.0,902219.0,78556298.08
2017-11-22,87.25,87.36,86.73,86.93,710593.0,61834030.53
2017-11-21,86.76,87.55,86.52,87.12,1138946.0,99216300.09
2017-11-20,87.24,87.41,86.69,86.9,991406.0,86278940.43
2017-11-17,88.04,88.17,87.17,87.21,815085.0,71366736.39
2017-11-16,88.44,88.5,87.75,87.95,559474.0,49238881.24
2017-11-15,87.57,89.08,87.55,87.98,1223784.0,107854576.77
2017-11-14,87.67,88.27,87.41,87.84,1220232.0,107151518.92
2017-11-13,87.7,87.76,85.96,86.65,909205.0,76935731.55
2017-11-10,86.85,87.43,86.48,87.0,1140543.0,99186910.51
2017-11-09,88.52,88.6,86.67,86.91,1252692.0,109272999.07
2017-11-08,90.04,90.32,88.22,88.56,918914.0,81566022.26
2017-11-07,90.87,90.88,89.85,90.0,809526.0,73018364.39
2017-11-06,91.13,91.27,90.48,90.56,531089.0,48145274.11
2017-11-03,90.59,91.43,90.4,91.34,637357.0,58094582.92
2017-11-01,90.78,90.99,90.25,90.25,658135.0,59571929.6
2017-10-31,89.16,90.43,89.13,90.43,1038001.0,93421787.66
2017-10-30,90.3,90.35,88.53,88.75,1094889.0,97779430.12
2017-10-27,90.25,92.25,90.21,91.22,1436101.0,131102754.15
2017-10-26,88.0,89.9,87.89,89.84,1182638.0,105436492.82
2017-10-25,87.05,87.73,86.92,87.73,798801.0,69960730.52
2017-10-24,86.93,87.71,86.67,87.34,670671.0,58581272.69
2017-10-23,86.32,87.47,86.32,87.11,704570.0,61349858.13
2017-10-20,85.66,86.38,85.58,86.34,980212.0,84339317.6
2017-10-19,85.93,85.95,85.0,85.51,756798.0,64708724.46
2017-10-18,85.8,86.24,85.63,86.1,651781.0,56083384.82
2017-10-17,85.55,86.0,85.17,85.71,789674.0,67682465.73
2017-10-16,85.91,86.02,85.46,85.59,558969.0,47893461.81
2017-10-13,86.14,86.14,85.45,85.83,503969.0,43244542.93
2017-10-12,85.62,86.02,85.38,85.96,511561.0,43879313.19
2017-10-11,86.1,86.17,85.16,85.62,916948.0,78475515.49
2017-10-10,86.17,86.51,85.8,86.51,763143.0,65811208.18
2017-10-09,86.89,87.0,86.21,86.65,503690.0,43586884.79
2017-10-06,87.2,87.22,86.75,86.93,507520.0,44150472.46
2017-10-05,87.0,87.18,86.3,87.18,557768.0,48509116.03
2017-10-04,87.15,87.25,86.66,87.04,612377.0,53232206.28
2017-10-03,87.07,87.33,86.94,87.19,440405.0,38382595.21
2017-10-02,86.45,87.37,86.31,87.04,620694.0,53959820.98
2017-09-29,85.77,86.44,85.22,86.44,925905.0,79728868.34
2017-09-28,84.84,85.89,84.68,85.79,614398.0,52528087.7
2017-09-27,85.19,85.35,84.86,85.08,663047.0,56421060.0
2017-09-26,85.23,85.61,84.8,85.11,954986.0,81299494.39
2017-09-25,84.95,85.6,84.27,85.09,943205.0,80263994.36
2017-09-22,84.99,85.2,84.74,84.98,924805.0,78633158.61
2017-09-21,84.83,85.25,84.71,85.0,816448.0,69373025.46
2017-09-20,85.2,85.45,84.7,84.83,862968.0,73427738.23
2017-09-19,85.65,85.83,85.12,85.38,740067.0,63205745.03
2017-09-18,85.0,85.74,84.85,85.7,1446409.0,123401399.38
2017-09-15,85.2,85.56,84.61,85.0,2393720.0,203703647.2
2017-09-14,83.65,85.02,83.58,85.01,1007417.0,85285120.06
2017-09-13,83.68,84.11,83.45,83.7,815776.0,68292946.99
2017-09-12,83.36,83.91,83.01,83.65,717268.0,59945154.93
2017-09-11,81.82,83.08,81.69,83.08,901604.0,74635474.64
2017-09-08,81.88,81.88,80.72,81.36,763123.0,61906578.14
2017-09-07,81.46,82.47,81.24,81.95,1047067.0,85799094.9
2017-09-06,81.41,81.62,80.85,81.25,636264.0,51737923.18
2017-09-05,81.79,81.94,81.25,81.58,667113.0,54431626.25
2017-09-04,82.14,82.17,81.57,81.63,503548.0,41156940.62
2017-09-01,82.65,82.95,82.07,82.24,743594.0,61311523.26
2017-08-31,81.6,82.19,81.52,81.59,905650.0,73999187.65
2017-08-30,80.81,81.61,80.79,81.52,628526.0,51106161.28
2017-08-29,82.0,82.06,80.36,80.45,1073169.0,86617324.81
2017-08-28,83.29,83.29,82.3,82.3,384164.0,31725114.05
2017-08-25,83.58,84.27,83.26,83.45,579840.0,48508209.41
2017-08-24,83.85,83.85,83.03,83.35,542281.0,45233089.18
2017-08-23,83.71,84.03,83.33,83.43,645550.0,53998315.83
2017-08-22,82.88,83.79,82.69,83.74,724922.0,60452963.54
2017-08-21,82.95,83.15,82.09,82.78,589329.0,48700286.86
2017-08-18,83.6,83.63,82.42,82.99,867369.0,71892457.09
2017-08-17,83.2,84.09,83.2,83.65,985016.0,82397669.38
2017-08-16,82.33,83.74,82.27,83.27,734498.0,61118332.19
2017-08-15,82.22,82.76,81.43,82.09,588347.0,48290312.08
2017-08-14,80.44,82.01,80.38,81.85,587591.0,47901081.56
2017-08-11,81.13,81.13,79.67,80.24,853042.0,68467430.73
2017-08-10,81.46,81.76,80.99,81.25,762014.0,61953095.41
2017-08-09,81.73,81.73,80.35,81.42,921348.0,74778807.7
2017-08-08,81.86,81.98,81.09,81.63,598950.0,48852440.0
2017-08-07,81.84,82.35,81.68,81.75,924635.0,75734956.79
2017-08-04,79.57,81.88,79.2,81.77,1041586.0,84322312.46
2017-08-03,79.25,80.07,79.11,79.6,908283.0,72319144.05
2017-08-02,80.73,80.96,78.94,79.31,980050.0,78072106.37
2017-08-01,81.32,81.32,80.03,80.74,1037458.0,83630241.44
2017-07-31,80.16,80.62,79.6,79.93,1116871.0,89377571.05
2017-07-28,81.4,81.41,80.04,80.16,1086489.0,87530192.95
2017-07-27,81.52,82.2,80.03,81.47,1253854.0,101899377.63
2017-07-26,81.65,82.27,81.57,82.26,824144.0,67663183.14
2017-07-25,80.83,82.7,80.83,81.67,870438.0,71298417.4
2017-07-24,81.21,81.38,80.69,81.03,649271.0,52609092.53
2017-07-21,81.1,81.87,80.46,81.05,1590952.0,128888641.11
2017-07-20,82.86,83.0,81.12,81.5,923163.0,75765992.15
2017-07-19,82.0,83.07,81.72,82.76,927163.0,76399059.99
2017-07-18,83.0,83.19,81.65,81.65,982079.0,80611584.83
2017-07-17,83.41,83.72,82.6,83.05,915506.0,76040578.88
2017-07-14,83.25,83.88,82.94,83.43,501951.0,41887942.64
2017-07-13,83.25,83.47,82.88,83.1,672326.0,55880117.72
2017-07-12,81.7,83.43,81.7,83.19,1252002.0,103788406.34
2017-07-11,82.07,82.17,81.51,81.51,1161319.0,94933983.225
2017-07-10,82.26,82.4,81.83,82.0,747506.0,61335677.71
2017-07-07,81.05,81.97,81.05,81.97,634930.0,51827446.09
2017-07-06,81.96,82.43,80.83,81.05,872808.0,70972129.36
2017-07-05,82.5,82.62,81.63,81.89,835567.0,68556044.59
2017-07-04,80.92,81.15,80.48,80.89,460350.0,37237352.02
2017-07-03,80.67,81.28,80.53,80.99,806801.0,65327755.3
2017-06-30,79.8,81.3,79.8,80.24,1418876.0,114215606.28
2017-06-29,81.08,81.17,79.3,79.84,1166805.0,93342714.29
2017-06-28,81.14,81.41,80.12,80.91,835578.0,67526477.74
2017-06-27,81.62,81.73,80.82,81.37,934621.0,76029526.81
2017-06-26,81.9,82.79,81.9,82.01,805519.0,66271208.02
2017-06-23,81.85,82.15,81.48,81.82,783165.0,64099182.04
2017-06-22,81.52,81.95,81.39,81.92,1092120.0,89252261.68
2017-06-21,80.73,81.53,80.05,81.48,1085848.0,88095118.66
2017-06-20,81.0,81.68,80.81,81.14,1070762.0,86876515.85
2017-06-19,79.87,81.05,79.72,80.83,1087036.0,87710115.85
2017-06-16,77.86,80.21,77.75,80.21,1722176.0,137095074.69
2017-06-15,78.03,78.11,76.96,77.86,1415629.0,109753397.08
2017-06-14,78.2,79.2,78.02,78.02,691670.0,54232147.83
2017-06-13,78.02,78.52,77.8,78.29,751583.0,58837207.79
2017-06-12,79.18,79.26,77.93,78.06,779290.0,61034648.48
2017-06-09,78.85,79.61,78.76,79.2,1018179.0,80653045.26
2017-06-08,79.21,79.31,78.42,78.7,984583.0,77436118.47
2017-06-07,79.5,80.03,79.23,79.23,792671.0,63072709.25
2017-06-06,79.7,80.18,79.55,79.66,977134.0,78039557.73
2017-06-05,80.08,80.33,79.89,80.07,571203.0,45729609.49
2017-06-02,80.04,80.36,79.64,79.78,863569.0,68984154.62
2017-06-01,79.21,80.49,79.03,79.91,1150069.0,91954046.41
2017-05-31,79.29,80.0,78.8,78.8,1244751.0,98645333.84
2017-05-30,79.55,79.68,78.98,79.15,760778.0,60302893.88
2017-05-29,79.96,80.09,79.33,79.59,593076.0,47299376.14
2017-05-26,78.75,79.72,78.2,79.57,1765122.0,139516270.75
2017-05-25,76.8,78.47,75.93,78.47,2141234.0,166317365.16
2017-05-24,76.15,76.34,75.97,76.11,38260.0,2912010.54
2017-05-23,75.91,76.44,75.72,76.17,596444.0,45448666.75
2017-05-22,76.33,76.43,75.81,75.95,753432.0,57314472.1
2017-05-19,76.49,77.12,75.86,76.36,1089774.0,83266680.84
2017-05-18,75.86,76.75,75.0,76.35,1333329.0,101322838.91
2017-05-17,76.9,76.96,74.97,75.37,1056139.0,80154015.93
2017-05-16,77.22,77.22,76.55,76.91,682162.0,52473551.96
2017-05-15,77.0,77.22,76.57,77.0,681127.0,52365898.64
2017-05-12,75.8,77.15,75.78,77.03,895721.0,68708020.05
2017-05-11,77.1,77.16,75.65,75.82,1545112.0,117872393.75
2017-05-10,77.65,78.23,77.41,77.49,1112554.0,86531170.87
2017-05-09,78.27,78.41,77.69,77.71,831133.0,64712555.94
2017-05-08,78.15,78.15,77.49,77.9,813732.0,63372352.35
2017-05-05,77.97,78.35,76.98,78.13,1141273.0,88917813.77
2017-05-04,77.0,77.96,76.95,77.83,961051.0,74539409.8
2017-05-03,77.31,77.55,76.55,76.96,868267.0,66859096.12
2017-05-02,75.81,77.45,75.64,77.34,1070959.0,82405051.33
2017-04-28,76.71,76.72,75.53,76.02,1277081.0,97030565.0
2017-04-27,76.01,76.91,75.78,76.75,987587.0,75465007.62
2017-04-26,75.99,76.49,75.53,76.0,1411114.0,107376800.1
2017-04-25,75.95,75.95,75.11,75.77,1029410.0,77772484.76
2017-04-24,75.53,77.12,75.32,75.84,2190150.0,166798400.98
2017-04-21,73.6,74.16,72.95,73.73,1351792.0,99516419.5
2017-04-20,72.62,73.93,72.57,73.66,1011488.0,74075061.03
2017-04-19,72.72,72.93,72.57,72.65,859463.0,62499090.46
2017-04-18,72.76,73.75,72.44,72.73,1158698.0,84440329.13
2017-04-13,73.1,73.31,72.67,72.8,817667.0,59597059.22
2017-04-12,73.23,73.74,72.92,73.07,702779.0,51463400.01
2017-04-11,72.5,73.13,72.03,73.07,860349.0,62562202.93
2017-04-10,72.8,73.31,72.47,72.85,1050741.0,76584507.2
2017-04-07,71.75,72.83,71.27,72.83,1201384.0,86774444.13
2017-04-06,70.6,72.0,70.48,71.93,1199934.0,85910687.96
2017-04-05,70.58,71.06,70.5,70.82,833234.0,58981440.61
2017-04-04,70.67,71.18,70.06,70.56,716160.0,50461554.35
2017-04-03,69.95,71.46,69.81,70.69,1217023.0,86123500.63
2017-03-31,69.44,70.14,69.23,70.03,1461662.0,101991223.12
2017-03-30,69.84,70.3,69.75,70.04,798092.0,55878376.5
2017-03-29,69.94,70.17,69.66,69.86,576982.0,40333079.78
2017-03-28,69.79,69.89,69.13,69.76,757684.0,52666493.97
2017-03-27,69.6,69.71,68.53,69.65,693408.0,48019725.4
2017-03-24,69.85,69.96,69.43,69.6,775787.0,54048138.12
2017-03-23,68.97,70.1,68.68,69.86,1045844.0,72794380.04
2017-03-22,68.1,69.19,67.54,69.19,1238675.0,85063489.93
2017-03-21,68.34,68.66,67.79,68.15,892615.0,60855592.52
2017-03-20,68.22,68.29,67.89,68.2,511652.0,34864202.29
2017-03-17,67.76,68.11,67.17,68.11,1436345.0,97489833.98
2017-03-16,68.36,68.41,67.3,67.8,1239032.0,83916629.88
2017-03-15,68.0,68.41,67.22,67.84,1746131.0,118440613.56
2017-03-14,68.78,68.83,68.1,68.4,807821.0,55253911.86
2017-03-13,69.1,69.2,68.57,68.72,534131.0,36718718.33
2017-03-10,69.24,69.43,68.96,69.05,751317.0,51939831.56
2017-03-09,69.25,69.37,68.82,69.14,774983.0,53551619.46
2017-03-08,68.28,69.4,68.28,69.3,674414.0,46577185.78
2017-03-07,69.05,69.05,68.68,68.8,732438.0,50415264.02
2017-03-06,68.67,69.12,68.4,69.0,696917.0,48015326.0
2017-03-03,68.73,68.89,68.17,68.6,1020084.0,69952841.09
2017-03-02,68.2,68.8,68.06,68.77,1073370.0,73579387.14
2017-03-01,67.5,68.25,67.19,67.93,1246162.0,84595803.78
2017-02-28,65.95,67.16,65.9,67.16,1492544.0,99593145.27
2017-02-27,65.98,66.0,65.5,65.77,889164.0,58496646.33
2017-02-24,66.01,66.35,65.11,65.5,1312936.0,86028553.7
2017-02-23,64.78,67.55,64.78,65.99,1253238.0,82661153.67
2017-02-22,65.1,65.31,64.6,64.73,853940.0,55379147.01
2017-02-21,65.2,65.49,65.01,65.17,734309.0,47886519.84
2017-02-20,64.51,65.32,64.51,65.24,521454.0,33931439.38
2017-02-17,64.7,64.95,64.04,64.38,1122735.0,72332911.16
2017-02-16,65.46,65.46,64.54,64.9,1619262.0,105054932.45
2017-02-15,64.85,66.18,64.85,66.05,1594969.0,104716010.16
2017-02-14,64.3,64.63,63.98,64.2,783007.0,50305412.65
2017-02-13,63.93,64.53,63.87,64.32,1060673.0,68084274.12
2017-02-10,64.0,64.1,63.56,63.88,758567.0,48437010.73
2017-02-09,63.55,63.88,63.45,63.68,1015022.0,64625159.91
2017-02-08,63.35,63.57,63.15,63.47,1319058.0,83577280.6
2017-02-07,63.0,63.46,62.98,63.34,1333971.0,84385553.49
2017-02-06,63.45,63.74,62.98,63.05,915590.0,57876697.71
2017-02-03,63.2,63.95,62.97,63.51,872648.0,55471854.23
2017-02-02,62.51,63.42,62.22,63.14,1004994.0,63403375.01
2017-02-01,61.77,62.85,61.51,62.73,1266666.0,79080840.47
2017-01-31,62.9,63.36,62.7,62.7,1407253.0,88502296.05
2017-01-30,63.49,63.75,62.71,62.81,1117251.0,70325435.83
2017-01-27,63.83,64.15,63.07,63.63,1217523.0,77377981.65
2017-01-26,64.9,64.9,64.03,64.48,1212088.0,78172436.8
2017-01-25,65.14,65.62,64.87,64.92,1414145.0,91973196.98
2017-01-24,65.8,65.81,64.7,64.9,1169888.0,76057072.28
2017-01-23,64.46,65.58,63.88,65.53,1744086.0,113198990.19
2017-01-20,64.45,64.8,63.37,64.45,3801326.0,244440659.7
2017-01-19,67.75,69.87,63.44,63.62,7026452.0,465848874.63
2017-01-18,67.19,67.41,66.75,67.27,794315.0,53283776.63
2017-01-17,67.17,67.44,66.82,67.12,715459.0,48012233.28
2017-01-16,67.15,67.6,67.15,67.2,461082.0,31029122.27
2017-01-13,67.35,67.66,67.19,67.65,865429.0,58389436.58
2017-01-12,67.6,67.84,67.14,67.21,641895.0,43186206.33
2017-01-11,67.34,67.99,67.06,67.63,459317.0,31034230.34
2017-01-10,67.6,67.8,67.18,67.33,687405.0,46328063.07
2017-01-09,67.8,67.8,67.02,67.61,595635.0,40165101.83
2017-01-06,67.7,67.82,66.99,67.7,965853.0,65154998.07
2017-01-05,67.84,68.32,66.98,67.76,1074963.0,72595104.53
2017-01-04,68.82,68.84,68.04,68.51,730113.0,49957822.38
2017-01-03,68.74,68.97,68.12,68.7,738562.0,50694505.1
2017-01-02,68.35,69.08,68.32,68.53,385610.0,26486298.63
2016-12-30,68.14,68.43,67.43,68.42,703309.0,47930698.52
2016-12-29,67.98,68.23,67.89,68.15,474215.0,32279437.7
2016-12-28,67.9,68.42,67.9,68.28,500902.0,34186164.42
2016-12-27,67.9,68.27,67.9,68.0,332254.0,22614227.63
2016-12-23,68.05,68.33,67.76,67.98,357338.0,24305352.56
2016-12-22,68.0,68.43,67.8,68.07,507935.0,34553781.93
2016-12-21,67.72,68.49,67.67,68.06,503548.0,34267828.38
2016-12-20,67.95,68.19,67.58,68.01,737667.0,50104854.38
2016-12-19,68.11,68.68,67.42,67.81,964171.0,65474599.86
2016-12-16,68.8,69.89,68.4,68.61,2251516.0,155410027.56
2016-12-15,67.55,69.04,67.51,68.85,1468133.0,100403785.54
2016-12-14,67.45,67.6,66.83,67.39,776403.0,52293897.16
2016-12-13,67.05,67.8,66.97,67.51,918224.0,61916307.51
2016-12-12,66.56,67.44,66.55,67.09,1009983.0,67768678.64
2016-12-09,66.45,66.56,65.95,66.54,751165.0,49819742.25
2016-12-08,66.77,67.12,65.81,66.47,1412016.0,93774888.75
2016-12-07,66.6,66.95,65.9,66.58,991317.0,65856518.52
2016-12-06,65.6,66.18,64.9,66.1,1086521.0,71411109.79
2016-12-05,64.85,66.49,64.85,65.48,1071087.0,70615651.45
2016-12-02,64.81,65.21,64.23,64.91,1145647.0,74078184.35
2016-12-01,64.58,65.2,64.25,65.2,1145393.0,74354771.24
2016-11-30,64.0,65.08,64.0,64.77,1176735.0,76151203.79
2016-11-29,63.25,64.14,63.18,64.1,1115606.0,71231820.65
2016-11-28,63.78,63.9,63.0,63.3,657012.0,41582298.43
2016-11-25,64.04,64.19,63.51,63.78,496766.0,31686023.65
2016-11-24,64.3,64.5,63.8,63.87,556764.0,35625930.9
2016-11-23,62.9,64.15,62.81,64.02,1431023.0,90908142.09
2016-11-22,64.41,65.03,64.23,64.26,1052441.0,67837737.82
2016-11-21,62.69,64.02,62.23,63.85,991389.0,62901365.16
2016-11-18,62.54,62.82,62.09,62.46,1097764.0,68509947.61
2016-11-17,61.84,62.2,61.45,62.16,1076680.0,66692499.57
2016-11-16,62.85,63.05,61.74,61.88,743708.0,46163397.32
2016-11-15,63.36,63.56,61.88,62.58,993244.0,62082749.19
2016-11-14,63.49,64.14,62.79,63.1,1424354.0,90199609.83
2016-11-11,63.89,64.35,62.63,62.84,708175.0,44792419.86
2016-11-10,62.8,64.55,62.71,63.81,1292996.0,82656865.4
2016-11-09,59.59,62.56,59.42,62.52,1525367.0,93383608.26
2016-11-08,61.42,61.88,61.12,61.52,778775.0,47830119.76
2016-11-07,60.68,61.43,60.64,61.41,804935.0,49271511.01
2016-11-04,60.2,60.26,59.46,60.06,834787.0,50022769.15
2016-11-03,60.89,61.04,60.28,60.28,922469.0,55953695.77
2016-11-02,61.94,61.94,60.89,60.98,836689.0,51149285.01
2016-11-01,63.0,63.14,61.97,62.19,773184.0,48256865.48
2016-10-31,62.86,63.15,62.22,62.63,994256.0,62227008.51
2016-10-28,63.41,63.5,63.02,63.15,1139464.0,72041580.18
2016-10-27,63.19,63.87,62.94,63.7,1343919.0,85412928.5
2016-10-26,62.09,63.3,62.05,63.3,1080996.0,67852620.68
2016-10-25,62.5,62.87,61.78,62.75,1355103.0,84771275.46
2016-10-24,64.43,65.14,64.04,64.07,739856.0,47670446.64
2016-10-21,64.82,64.92,63.79,64.38,1075573.0,69243247.53
2016-10-20,64.79,64.97,64.01,64.57,916044.0,59063464.27
2016-10-19,63.61,64.7,63.5,64.68,899007.0,57803217.29
2016-10-18,63.47,63.86,63.27,63.4,758159.0,48119123.79
2016-10-17,62.62,63.28,62.43,62.97,651170.0,40955583.28
2016-10-14,62.29,62.89,62.22,62.74,869332.0,54485991.36
2016-10-13,62.98,62.98,61.34,62.15,1286014.0,79482354.3
2016-10-12,63.83,63.93,63.1,63.22,883997.0,55976272.72
2016-10-11,65.4,65.4,63.81,63.83,965609.0,62159051.73
2016-10-10,65.94,66.15,65.22,65.69,998227.0,65527518.97
2016-10-07,66.41,66.41,65.35,65.7,890553.0,58604900.0
2016-10-06,65.9,66.73,65.86,66.5,913536.0,60694094.0
2016-10-05,65.77,66.19,65.5,65.9,933296.0,61512214.24
2016-10-04,64.5,66.65,64.33,66.48,1279611.0,84544371.31
2016-10-03,63.95,64.45,63.74,64.42,801255.0,51475198.85
2016-09-30,63.04,64.22,62.48,64.0,1109899.0,70263392.49
2016-09-29,64.34,64.73,63.6,63.74,607941.0,38966796.71
2016-09-28,63.35,64.25,63.35,63.83,461032.0,29442316.96
2016-09-27,63.76,63.88,62.47,63.1,847869.0,53347875.73
2016-09-26,64.74,64.79,63.39,63.39,905537.0,57675150.31
2016-09-23,65.42,65.55,65.02,65.04,758428.0,49437229.32
2016-09-22,64.59,66.2,64.58,65.6,997710.0,65466956.44
2016-09-21,64.33,64.6,64.11,64.32,686437.0,44155548.24
2016-09-20,63.9,64.2,63.58,63.65,679110.0,43277087.31
2016-09-19,63.49,64.15,63.44,64.01,644434.0,41177298.66
2016-09-16,63.19,63.75,62.6,63.04,2403006.0,151720972.49
2016-09-15,63.7,63.99,63.09,63.39,1214131.0,77037173.36
2016-09-14,64.19,64.28,63.57,63.78,1278189.0,81563476.55
2016-09-13,64.08,64.49,63.87,63.87,794475.0,50902733.67
2016-09-12,63.98,64.13,63.17,63.79,965303.0,61407258.95
2016-09-09,64.54,64.91,64.43,64.69,856419.0,55387118.24
2016-09-08,64.6,65.07,63.79,64.63,826193.0,53346100.84
2016-09-07,64.92,65.22,64.18,64.51,692772.0,44738014.24
2016-09-06,64.66,65.01,64.42,64.61,696757.0,45065949.81
2016-09-05,64.15,64.65,63.87,64.6,610329.0,39331771.99
2016-09-02,63.15,64.18,62.96,64.06,692810.0,44085857.09
2016-09-01,62.82,63.59,62.63,62.81,868513.0,54810043.34
2016-08-31,62.64,63.08,62.42,62.68,875659.0,54993763.13
2016-08-30,62.46,62.97,62.37,62.64,626834.0,39273818.03
2016-08-29,61.96,62.35,61.65,62.23,303588.0,18829230.92
2016-08-26,61.72,62.51,61.51,62.27,859466.0,53273247.03
2016-08-25,62.37,62.51,61.61,61.91,511856.0,31698384.04
2016-08-24,61.48,62.91,61.19,62.81,767416.0,48007187.88
2016-08-23,61.12,62.15,61.12,61.85,587328.0,36280834.22
2016-08-22,61.4,61.8,60.66,61.0,595176.0,36326761.23
2016-08-19,61.69,61.71,61.0,61.4,532370.0,32655441.23
2016-08-18,61.5,61.78,61.29,61.72,401391.0,24727875.84
2016-08-17,61.56,61.69,61.05,61.31,489813.0,30052089.41
2016-08-16,62.37,62.44,61.39,61.39,570886.0,35188341.91
2016-08-15,62.57,62.99,62.33,62.55,304869.0,19100808.02
2016-08-12,62.3,62.78,62.3,62.53,447756.0,28017897.97
2016-08-11,61.92,62.52,61.45,62.52,459186.0,28545719.78
2016-08-10,61.7,61.88,61.34,61.75,475153.0,29318837.02
2016-08-09,60.92,61.79,60.87,61.68,742004.0,45660798.49
2016-08-08,60.75,61.34,60.55,60.92,846769.0,51647170.4
2016-08-05,60.5,61.02,59.91,60.51,1263049.0,76357081.57
2016-08-04,61.24,61.5,60.1,60.36,913387.0,55362568.89
2016-08-03,61.31,61.45,60.58,60.75,754194.0,45907902.2
2016-08-02,61.95,62.25,61.01,61.22,1106566.0,67957621.53
2016-08-01,61.16,62.17,61.0,62.03,1260922.0,78080373.36
2016-07-29,63.9,63.9,60.29,60.8,2263642.0,138756945.25
2016-07-28,63.43,64.46,63.26,64.25,1048644.0,67128036.03
2016-07-27,62.88,64.61,62.88,63.66,980796.0,62775355.83
2016-07-26,61.26,62.87,61.15,62.79,883185.0,55140137.23
2016-07-25,60.75,61.59,60.61,61.41,770903.0,47224609.49
2016-07-22,61.54,61.54,60.61,60.85,816097.0,49755145.15
2016-07-21,61.64,61.9,61.14,61.54,783989.0,48276734.53
2016-07-20,62.15,62.45,61.65,61.96,766783.0,47531669.91
2016-07-19,61.98,62.51,61.5,61.75,915297.0,56564554.25
2016-07-18,62.76,63.25,61.96,62.2,726699.0,45395116.29
2016-07-15,62.92,63.3,62.47,62.6,758892.0,47613088.303
2016-07-14,62.3,63.23,62.14,63.07,1003623.0,63022200.74
2016-07-13,61.93,62.29,61.54,61.94,967727.0,59916385.78
2016-07-12,61.66,62.66,61.54,62.21,827719.0,51530137.11
2016-07-11,60.45,61.69,60.18,61.59,669797.0,41027221.77
2016-07-08,58.62,60.06,58.46,59.86,785973.0,46783825.39
2016-07-07,57.8,59.39,57.67,58.87,985036.0,57911374.72
2016-07-06,58.14,58.68,56.99,57.47,1350455.0,77843566.09
2016-07-05,59.85,60.02,58.4,58.64,1029580.0,60620467.27
2016-07-04,61.33,61.39,59.87,60.15,557046.0,33713947.81
2016-07-01,61.28,61.58,59.9,61.07,1144306.0,69780583.14
2016-06-30,59.19,61.15,58.89,60.92,1699656.0,103033865.2
2016-06-29,58.56,59.49,58.16,59.3,1077203.0,63627755.04
2016-06-28,56.97,58.31,56.68,57.82,1514127.0,87212308.31
2016-06-27,57.31,58.25,55.62,56.02,1844192.0,104763966.16
2016-06-24,54.59,59.99,53.0,58.28,3755641.0,218867546.8
2016-06-23,61.52,63.0,61.29,62.19,1138236.0,70613163.74
2016-06-22,60.89,61.46,60.58,61.03,1009103.0,61532926.9
2016-06-21,59.3,60.65,58.99,60.42,1126457.0,67613845.51
2016-06-20,58.09,59.26,57.95,59.25,979818.0,57765237.64
2016-06-17,57.42,57.59,56.67,56.93,2033542.0,115949485.43
2016-06-16,56.83,57.42,56.28,56.9,2072392.0,117892266.91
2016-06-15,57.72,58.46,56.02,57.5,2625655.0,151112117.49
2016-06-14,57.81,58.1,57.02,57.02,1381591.0,79210230.145
2016-06-13,59.57,59.78,58.62,58.62,1634715.0,96424499.44
2016-06-10,60.83,61.03,60.17,60.68,1385683.0,83960408.57
2016-06-09,61.12,61.23,60.39,61.0,860170.0,52398071.29
2016-06-08,61.22,61.45,60.91,61.35,939431.0,57513604.57
2016-06-07,61.73,62.13,61.5,61.5,836073.0,51606455.72
2016-06-06,61.73,62.02,61.41,61.41,503413.0,31007880.87
2016-06-03,62.99,63.2,61.16,61.74,1114666.0,69202321.35
2016-06-02,62.3,62.86,61.9,62.73,904256.0,56464016.64
2016-06-01,63.0,63.35,62.07,62.34,990880.0,61916879.73
2016-05-31,63.29,63.4,62.79,63.0,977926.0,61649879.05
2016-05-30,62.85,63.56,62.53,63.36,464730.0,29414317.44
2016-05-27,62.83,62.96,62.45,62.96,673218.0,42282796.12
2016-05-26,62.49,62.98,62.23,62.84,894401.0,56132637.45
2016-05-25,61.9,62.47,61.56,62.46,1057756.0,65793785.13
2016-05-24,59.55,61.81,59.43,61.53,1388082.0,84931166.26
2016-05-23,59.27,59.96,58.94,59.87,1285903.0,76647236.9
2016-05-20,58.96,59.98,58.82,59.98,1205950.0,71835512.73
2016-05-19,58.78,58.91,58.02,58.57,1009469.0,59045376.36
2016-05-18,59.01,59.21,58.27,59.16,807925.0,47538074.77
2016-05-17,60.0,60.24,59.04,59.34,841761.0,50137439.07
2016-05-16,59.31,59.66,58.93,59.66,384813.0,22844013.07
2016-05-13,58.72,59.55,58.33,59.55,693426.0,41004080.43
2016-05-12,59.81,60.32,58.95,59.2,645769.0,38461401.2
2016-05-11,59.48,59.98,59.12,59.86,691685.0,41210607.42
2016-05-10,59.3,60.12,59.2,59.42,641194.0,38199321.13
2016-05-09,58.85,59.41,58.4,58.68,536137.0,31564708.18
2016-05-06,58.36,58.51,57.56,58.33,747266.0,43417320.98
2016-05-05,58.54,58.68,57.81,58.42,558216.0,32557309.15
2016-05-04,58.59,59.28,58.26,58.46,813581.0,47696636.78
2016-05-03,60.2,60.2,58.43,58.71,1081926.0,63677894.84
2016-05-02,60.41,60.83,60.05,60.29,545744.0,32950106.01
2016-04-29,61.69,61.91,60.14,60.17,1104646.0,67050317.19
2016-04-28,63.01,63.01,61.81,62.31,1149459.0,71497539.15
2016-04-27,63.4,63.4,62.98,63.23,935824.0,59145437.54
2016-04-26,63.1,63.64,62.85,62.94,1198065.0,75722512.49
2016-04-25,61.76,62.61,61.45,62.35,1212123.0,75305073.61
2016-04-22,61.8,61.91,60.48,60.79,1493548.0,91390211.35
2016-04-21,62.0,62.69,61.5,62.68,947596.0,58946853.41
2016-04-20,61.0,61.79,60.89,61.76,815571.0,50155492.71
2016-04-19,61.01,61.71,61.0,61.33,776952.0,47663142.63
2016-04-18,59.8,61.23,59.63,60.98,780870.0,47507322.19
2016-04-15,60.78,61.05,60.36,60.36,1079112.0,65402399.28
2016-04-14,61.05,61.29,60.74,61.04,809211.0,49369456.87
2016-04-13,59.64,60.98,59.6,60.98,1110340.0,67173539.22
2016-04-12,59.31,59.37,58.29,59.03,809145.0,47604859.93
2016-04-11,59.02,59.7,58.56,59.06,775682.0,45869427.83
2016-04-08,58.13,59.16,58.01,58.94,900629.0,52906897.39
2016-04-07,58.69,59.05,57.65,57.88,969013.0,56518884.2
2016-04-06,58.92,58.94,58.3,58.68,857262.0,50235731.75
2016-04-05,59.52,59.57,58.76,58.91,1185451.0,70022241.99
2016-04-04,59.01,60.55,58.65,60.41,951424.0,57134876.45
2016-04-01,60.57,60.9,57.89,59.22,2025616.0,119996417.1
2016-03-31,61.64,62.12,61.2,61.48,1349267.0,83189680.39
2016-03-30,62.0,62.52,61.11,62.12,985312.0,61204355.62
2016-03-29,60.97,61.94,60.9,61.88,1013412.0,62486746.9
2016-03-24,61.2,61.41,60.15,61.06,1146018.0,69763421.03
2016-03-23,61.94,62.62,61.16,61.71,1116755.0,69113958.09
2016-03-22,60.31,61.96,59.82,61.85,1697723.0,104094146.82
2016-03-21,60.48,61.27,60.2,60.79,1501051.0,91115864.52
2016-03-18,58.98,61.08,58.88,60.85,4062420.0,245221021.42
2016-03-17,59.34,59.4,57.44,58.74,1849680.0,108057891.25
2016-03-16,57.78,59.15,57.36,59.15,2051008.0,120416651.96
2016-03-15,55.2,57.62,55.06,57.59,2419300.0,137489755.27
2016-03-14,55.8,57.28,54.54,55.52,3983350.0,221822968.42
2016-03-11,58.3,59.37,57.97,59.23,1373841.0,81005466.08
2016-03-10,59.29,61.55,57.31,57.31,1979095.0,116932417.86
2016-03-09,59.11,59.69,58.77,59.11,729426.0,43120273.82
2016-03-08,58.54,59.58,58.0,59.0,1148499.0,67628354.17
2016-03-07,58.74,58.95,58.35,58.85,815211.0,47855669.82
2016-03-04,58.48,58.94,58.0,58.8,1116553.0,65418931.22
2016-03-03,58.21,58.7,57.92,58.25,820031.0,47759207.32
2016-03-02,59.13,59.32,57.99,58.33,1250673.0,73060721.69
2016-03-01,57.25,58.99,56.86,58.99,1189889.0,69562239.84
2016-02-29,55.55,57.31,55.19,57.31,1296976.0,73459371.86
2016-02-26,54.75,56.96,54.58,56.04,1522255.0,85349126.11
2016-02-25,54.5,54.75,51.84,54.13,2537832.0,135935016.37
2016-02-24,55.47,55.93,54.5,54.76,1416665.0,77685479.33
2016-02-23,54.64,55.9,54.45,55.4,1250211.0,69286528.94
2016-02-22,54.29,55.26,54.29,54.95,859422.0,47217727.06
2016-02-19,54.37,54.63,53.36,53.95,1089797.0,58768249.76
2016-02-18,54.12,54.74,53.61,54.5,1477174.0,80299067.06
2016-02-17,52.24,53.72,52.0,53.63,1424167.0,75836616.51
2016-02-16,52.75,52.75,51.79,52.3,1279791.0,66819276.98
2016-02-15,51.47,52.53,51.19,52.16,1141687.0,59434389.97
2016-02-12,49.445,50.51,49.29,50.51,2172010.0,108415801.26
2016-02-11,50.46,50.46,48.865,49.145,2173498.0,107562880.75
2016-02-10,51.5,52.24,50.8,51.1,1668943.0,85897712.53
2016-02-09,50.93,51.6,50.15,51.04,2422836.0,123368573.28
2016-02-08,53.95,54.3,50.11,51.14,3260867.0,167025295.13
2016-02-05,54.79,55.54,54.16,54.31,1919484.0,105112100.52
2016-02-04,56.01,56.08,54.0,54.75,1686913.0,92695586.0
2016-02-03,55.94,56.23,54.56,55.21,2031216.0,112805653.21
2016-02-02,58.2,58.2,55.35,55.84,1560783.0,87743740.41
2016-02-01,59.65,59.69,57.73,58.3,1346701.0,78648852.12
2016-01-29,58.2,59.66,57.69,59.66,1244301.0,73431801.22
2016-01-28,57.87,58.47,56.79,57.35,1141840.0,65838378.14
2016-01-27,58.9,59.21,57.5,58.0,1397960.0,81166580.47
2016-01-26,58.28,59.24,58.04,58.94,1194378.0,70131492.06
2016-01-25,59.22,59.63,58.4,59.26,1201579.0,71088604.95
2016-01-22,58.0,59.4,57.68,58.64,1983054.0,116191297.56
2016-01-21,54.93,56.37,54.67,56.33,2367410.0,131983273.47
2016-01-20,55.01,55.2,54.0,54.33,1727186.0,94091285.43
2016-01-19,56.46,56.63,55.75,56.23,1112012.0,62516327.44
2016-01-18,55.14,55.81,54.69,55.29,1448512.0,80087493.19
2016-01-15,57.2,57.38,54.33,55.38,2940836.0,163809573.82
2016-01-14,59.0,59.13,57.35,57.96,1523258.0,88357634.77
2016-01-13,59.98,60.36,59.56,59.62,1091176.0,65412001.29
2016-01-12,58.8,60.02,58.4,59.33,1120034.0,66526004.31
2016-01-11,58.69,59.64,58.52,58.61,1415103.0,83439921.3
2016-01-08,60.31,61.11,59.59,59.61,1624822.0,97896357.26
2016-01-07,60.0,60.77,59.61,60.3,1632825.0,98300715.12
2016-01-06,62.09,62.2,60.17,61.5,1506254.0,92183738.16
2016-01-05,62.89,63.15,60.85,61.94,1422022.0,87801435.01
2016-01-04,63.35,63.62,61.72,62.27,1440784.0,90115990.45
2015-12-31,63.9,64.33,63.37,63.37,298407.0,18982077.71
2015-12-30,63.58,64.0,63.26,63.75,632108.0,40305620.12
2015-12-29,62.86,63.84,62.86,63.79,586669.0,37352630.8
2015-12-28,62.91,63.1,62.33,62.6,299979.0,18786075.88
2015-12-24,63.0,63.17,62.31,62.96,113947.0,7147823.22
2015-12-23,62.75,63.28,62.65,62.93,700792.0,44114457.21
2015-12-22,63.01,63.24,61.92,62.28,645747.0,40280463.95
2015-12-21,63.02,64.13,62.59,62.59,1132566.0,71687338.85
2015-12-18,64.38,64.38,63.17,63.49,1871782.0,119103835.85
2015-12-17,66.07,66.07,64.39,64.57,1651065.0,107368195.86
2015-12-16,63.32,64.83,62.66,64.3,1486628.0,95444244.15
2015-12-15,61.39,63.32,61.31,63.32,1843907.0,115373533.8
2015-12-14,62.49,63.18,60.89,60.89,1586019.0,97791427.83
2015-12-11,63.12,63.15,61.6,61.98,1469935.0,91281121.45
2015-12-10,62.63,63.54,62.12,63.17,1120907.0,70749193.4
2015-12-09,64.36,64.56,62.67,62.67,1338640.0,84822489.76
2015-12-08,65.36,65.36,63.89,64.35,1046402.0,67557701.01
2015-12-07,65.37,66.21,65.01,65.15,1136681.0,74439646.81
2015-12-04,65.56,65.56,63.89,64.98,1751410.0,113487499.82
2015-12-03,67.88,68.41,64.72,65.85,2980978.0,198234576.73
2015-12-02,68.5,68.72,67.89,68.0,1178131.0,80405246.95
2015-12-01,68.5,68.76,67.85,68.17,2403183.0,164333283.34
2015-11-30,68.75,69.96,68.7,69.88,1014322.0,70699393.29
2015-11-27,68.7,69.33,68.17,68.89,736274.0,50637799.1
2015-11-26,67.8,69.0,67.8,68.86,707306.0,48532454.27
2015-11-25,67.33,68.72,67.07,68.04,1202740.0,81944406.67
2015-11-24,67.68,67.71,66.55,67.3,1523086.0,102158820.09
2015-11-23,67.5,68.22,67.04,68.0,1101304.0,74625232.09
2015-11-20,66.94,67.56,66.87,67.23,1257741.0,84520138.36
2015-11-19,68.04,68.35,66.63,66.87,1073909.0,72230595.13
2015-11-18,67.74,68.06,67.5,67.57,1033927.0,70021853.9
2015-11-17,67.0,68.32,66.97,68.22,2010814.0,136181613.12
2015-11-16,66.0,66.71,65.48,66.35,1442128.0,95446114.57
2015-11-13,67.95,68.09,65.7,66.31,1529021.0,101551768.52
2015-11-12,69.97,70.9,67.81,68.0,2214463.0,152498489.5
2015-11-11,69.97,70.74,69.97,70.43,779767.0,54864150.44
2015-11-10,69.64,70.14,68.82,69.75,904067.0,62817671.09
2015-11-09,70.5,70.99,69.39,69.42,910716.0,63804303.05
2015-11-06,68.03,70.6,67.75,70.54,2152972.0,149617344.14
2015-11-05,67.96,68.41,67.58,67.74,1152707.0,78307349.86
2015-11-04,68.04,68.72,67.46,67.87,1028013.0,69873362.07
2015-11-03,69.43,69.52,67.62,67.79,1321454.0,90280175.77
2015-11-02,68.62,69.96,68.51,69.55,842635.0,58569028.04
2015-10-30,69.08,69.39,68.14,69.11,1289684.0,88688041.86
2015-10-29,68.66,69.09,68.09,68.67,1249833.0,85724492.98
2015-10-28,68.5,69.19,68.08,68.11,1415219.0,96870570.07
2015-10-27,69.29,69.91,68.57,68.65,1237032.0,85291763.53
2015-10-26,70.0,70.05,69.12,69.49,1140908.0,79314079.59
2015-10-23,70.05,71.46,69.64,70.34,1883248.0,133040238.7
2015-10-22,70.0,70.0,66.61,69.01,2490007.0,170063422.43
2015-10-21,69.59,69.86,69.01,69.44,1442148.0,100280260.8
2015-10-20,69.22,69.31,68.3,69.14,1030822.0,71104543.01
2015-10-19,68.79,69.54,68.63,69.23,1167512.0,80702716.9
2015-10-16,68.3,69.59,67.32,69.09,2353039.0,161383101.01
2015-10-15,67.0,68.03,65.98,67.98,1709274.0,115220572.91
2015-10-14,67.72,68.07,67.1,67.23,1116863.0,75339379.38
2015-10-13,66.81,68.48,66.33,68.31,1477670.0,99850017.1
2015-10-12,70.1,70.4,67.11,67.4,2611642.0,177895180.46
2015-10-09,71.73,72.04,70.47,71.0,1246403.0,88620792.08
2015-10-08,71.22,71.67,70.75,71.0,1471002.0,104518797.23
2015-10-07,72.1,72.45,70.95,71.26,1452688.0,104156400.34
2015-10-06,71.07,72.06,70.85,71.75,1264327.0,90593317.33
2015-10-05,70.0,71.53,70.0,71.18,1566272.0,111212375.2
2015-10-02,69.08,69.75,68.05,69.16,1509861.0,104039632.84
2015-10-01,68.23,69.92,67.81,68.35,1863014.0,127924853.2
2015-09-30,67.84,68.25,67.19,67.3,1872664.0,126491532.9
2015-09-29,66.56,67.88,66.33,66.79,1494348.0,100229187.54
2015-09-28,67.68,68.11,66.87,67.51,1877960.0,126724031.01
2015-09-25,67.1,68.78,66.62,67.98,1800595.0,122551981.11
2015-09-24,67.92,68.01,65.44,65.95,2178131.0,144928180.92
2015-09-23,68.13,68.54,67.55,68.09,1602297.0,109182159.06
2015-09-22,69.58,69.75,67.67,68.13,1732993.0,118377765.73
2015-09-21,69.25,70.32,69.19,69.63,2051802.0,142883517.5
2015-09-18,69.7,71.01,68.41,69.6,21750805.0,1513239314.25
2015-09-17,69.33,71.06,68.91,70.26,1720886.0,120701785.24
2015-09-16,68.59,69.48,67.87,69.29,1367341.0,94130545.23
2015-09-15,67.53,68.5,66.86,68.37,1259559.0,85429132.77
2015-09-14,67.06,67.72,66.62,66.85,975738.0,65405865.76
2015-09-11,67.24,67.35,65.76,66.88,894554.0,59702184.92
2015-09-10,67.03,67.74,66.42,66.95,1062825.0,71263521.58
2015-09-09,68.0,68.01,67.36,67.39,1217656.0,82396294.78
2015-09-08,66.7,67.96,66.4,66.69,1422425.0,95585734.89
2015-09-07,67.27,67.4,66.41,66.5,638007.0,42516066.31
2015-09-04,67.5,67.9,66.26,66.64,1318119.0,88110019.6
2015-09-03,67.51,68.86,66.95,68.29,1500324.0,101722294.19
2015-09-02,68.25,68.86,66.75,66.86,1753782.0,117905407.2
2015-09-01,68.8,69.8,66.61,68.0,1874346.0,126986572.17
2015-08-31,66.82,69.77,66.7,69.62,1844768.0,127643614.92
2015-08-28,67.36,67.9,65.48,67.15,1352116.0,90347508.0
2015-08-27,66.11,67.84,65.83,67.26,1564187.0,104797767.05
2015-08-26,64.4,66.52,63.76,64.58,1874939.0,121886322.11
2015-08-25,64.17,66.75,64.06,65.0,2036023.0,133339599.49
2015-08-24,64.14,64.24,60.19,63.33,2609156.0,163021709.08
2015-08-21,66.72,68.11,65.78,65.78,1033492.0,69039861.35
2015-08-20,69.6,69.81,67.78,68.08,639052.0,43839103.64
2015-08-19,70.61,70.77,69.74,69.9,897744.0,62907959.64
2015-08-18,70.0,71.34,69.91,71.07,605464.0,42827183.19
2015-08-17,71.1,71.35,69.8,70.35,733661.0,51660891.79
2015-08-14,69.2,71.0,69.0,70.88,1113154.0,78402006.68
2015-08-13,68.87,69.24,68.34,69.24,931272.0,64237519.51
2015-08-12,69.27,69.36,67.7,67.95,1476329.0,100930327.41
2015-08-11,70.68,70.68,69.47,69.62,846898.0,59120628.88
2015-08-10,70.5,70.85,70.08,70.62,611919.0,43193281.12
2015-08-07,70.46,70.67,69.83,70.0,630623.0,44192391.3
2015-08-06,70.0,70.86,69.72,70.46,842629.0,59322926.49
2015-08-05,70.0,70.25,69.49,69.95,915812.0,64035040.25
2015-08-04,70.0,70.0,69.15,69.95,803549.0,56006204.02
2015-08-03,68.93,70.41,68.86,69.75,979460.0,68220046.8
2015-07-31,67.2,68.96,67.2,68.86,1321590.0,90380685.18
2015-07-30,65.22,67.56,64.9,67.51,2564642.0,170657882.54
2015-07-29,61.15,61.49,60.7,61.35,832320.0,50909606.61
2015-07-28,60.02,61.4,60.02,60.98,818430.0,49777047.98
2015-07-27,62.5,62.76,59.71,59.94,2035324.0,123137575.32
2015-07-24,62.8,63.55,62.55,62.6,765314.0,48132001.31
2015-07-23,63.6,63.8,62.65,62.84,866122.0,54465806.34
2015-07-22,64.34,64.5,62.92,63.27,1072044.0,68005520.55
2015-07-21,65.81,66.17,64.62,64.73,703310.0,45830849.13
2015-07-20,66.13,66.69,65.62,65.78,641919.0,42371379.08
2015-07-17,66.27,66.3,65.91,66.0,841134.0,55560910.77
2015-07-16,66.0,66.23,65.69,66.07,1030079.0,68028186.75
2015-07-15,65.03,65.99,64.86,65.56,760054.0,49805705.79
2015-07-14,63.78,64.95,63.66,64.9,1029666.0,66437435.57
2015-07-13,63.44,63.85,63.12,63.6,776559.0,49343162.11
2015-07-10,62.45,62.87,61.72,62.74,833459.0,52071784.4
2015-07-09,60.45,61.25,60.27,60.88,717880.0,43701231.36
2015-07-08,59.11,60.45,58.94,60.12,921662.0,55175075.82
2015-07-07,60.39,60.61,58.95,58.95,922747.0,55069437.73
2015-07-06,59.8,60.62,59.44,60.3,790724.0,47581708.53
2015-07-03,60.91,61.24,60.45,61.0,672060.0,40889505.06
2015-07-02,62.3,62.34,61.0,61.0,781924.0,48054968.98
2015-07-01,61.31,62.57,60.98,62.13,1278315.0,79243169.35
2015-06-30,61.7,61.93,60.79,60.79,1702503.0,104448469.62
2015-06-29,60.9,62.3,60.49,61.63,952383.0,58777631.94
2015-06-26,63.35,63.85,62.89,63.51,626548.0,39766903.75
2015-06-10,60.75,62.15,59.98,61.86,1201480.0,73504723.19
2015-06-09,61.25,61.7,60.39,61.05,1106475.0,67601040.15
2015-06-08,61.86,62.04,60.84,61.23,620957.0,38103374.31
2015-06-05,62.7,62.7,60.99,61.72,1345101.0,83057514.95
2015-06-04,63.39,63.77,62.01,63.12,909818.0,57191156.77
2015-06-03,64.5,64.5,63.56,63.65,1208623.0,77227313.49
2015-06-02,65.13,65.13,63.78,64.4,960645.0,61857830.89
2015-06-01,64.59,65.29,64.14,64.92,675348.0,43779505.63
2015-05-29,66.46,66.54,64.38,64.41,1232009.0,80160748.21
2015-05-28,67.07,67.13,66.28,66.73,527711.0,35215864.92
2015-05-27,66.45,67.41,66.13,67.21,714260.0,47813118.39
2015-05-26,66.17,66.86,65.91,66.03,737909.0,48968331.79
2015-05-25,66.25,66.25,65.8,65.96,126011.0,8316356.99
2015-05-22,65.97,66.28,65.51,66.05,530747.0,35037477.25
2015-05-21,65.51,66.0,65.03,65.94,575413.0,37771048.65
2015-05-20,65.47,65.91,65.04,65.59,839588.0,55047718.41
2015-05-19,64.23,65.53,64.17,65.12,1094326.0,71235962.52
2015-05-18,63.99,64.29,62.94,64.15,667875.0,42609236.99
2015-05-15,64.68,65.0,63.54,63.72,790980.0,50709502.87
2015-05-14,63.64,64.39,62.92,64.25,894956.0,57017844.36
2015-05-13,65.44,65.95,63.57,63.77,1002480.0,64882237.71
2015-05-12,66.33,66.41,64.6,65.0,944631.0,61542585.54
2015-05-11,66.73,67.17,66.03,66.55,652285.0,43460188.17
2015-05-08,65.7,67.59,65.47,67.25,898799.0,60002551.61
2015-05-07,63.87,65.22,62.56,65.09,1183680.0,76116007.99
2015-05-06,63.98,64.72,63.55,63.91,1001188.0,64194518.84
2015-05-05,65.12,66.21,63.94,63.98,856095.0,55577889.22
2015-05-04,65.73,65.75,64.7,65.15,711855.0,46370967.02
2015-04-30,65.11,65.97,64.09,65.25,1257522.0,81987152.49
2015-04-29,68.0,68.48,65.22,65.23,1053162.0,70039967.63
2015-04-28,68.39,68.41,67.4,68.03,1044810.0,71021690.66
2015-04-27,68.29,68.75,67.24,68.28,973847.0,66322116.4
2015-04-24,69.11,69.5,67.79,68.83,828946.0,56684724.65
2015-04-23,70.04,70.33,68.79,69.11,883655.0,61181125.91
2015-04-22,70.56,70.72,68.57,70.0,946120.0,65848152.58
2015-04-21,67.89,69.29,67.84,68.98,995542.0,68638878.62
2015-04-20,67.3,68.06,67.24,67.56,492890.0,33289350.56
2015-04-17,67.91,68.39,66.96,67.21,968481.0,65329760.82
2015-04-16,68.02,68.64,67.74,67.89,562075.0,38228663.24
2015-04-15,67.91,68.62,67.88,68.24,600852.0,41039539.58
2015-04-14,67.73,68.02,67.3,67.64,1090743.0,73728873.5
2015-04-13,68.29,68.56,67.59,68.27,523775.0,35715376.2
2015-04-10,67.0,68.15,66.8,68.15,784324.0,53175118.88
2015-04-09,66.29,66.91,66.22,66.88,591563.0,39478926.92
2015-04-08,66.5,66.65,65.97,66.22,651564.0,43170153.4
2015-04-07,65.89,66.74,65.0,66.21,983435.0,65008769.84
2015-04-02,65.59,66.06,65.46,65.95,575328.0,37836048.2
2015-04-01,64.93,66.33,64.87,65.65,1131819.0,74124932.19
2015-03-31,64.69,65.62,64.67,65.0,1462508.0,95195269.74
2015-03-30,64.38,65.26,64.34,64.96,537342.0,34860507.2
2015-03-27,64.45,65.13,64.06,64.15,875746.0,56445726.84
2015-03-26,64.2,64.66,62.77,64.26,1263728.0,80350226.8
2015-03-24,65.0,66.11,64.58,65.39,1365264.0,89038133.92
2015-03-23,65.51,65.98,65.02,65.14,1029602.0,67334999.95
2015-03-20,65.59,66.0,64.99,65.54,1737528.0,113969802.79
2015-03-19,65.31,66.24,65.06,66.18,811150.0,53381001.07
2015-03-18,67.08,67.82,65.94,66.2,925800.0,61573144.6
2015-03-17,68.05,68.47,65.89,66.6,1103534.0,73765891.71
2015-03-16,66.86,68.17,66.71,68.05,861980.0,58462547.87
2015-03-13,67.07,67.18,66.27,66.57,922139.0,61422507.01
2015-03-12,68.0,68.15,66.72,66.8,1153129.0,77590740.4
2015-03-11,66.24,68.08,66.07,67.75,1064442.0,71865345.31
2015-03-10,66.2,66.9,65.9,66.08,766733.0,50833044.16
2015-03-09,65.65,65.99,64.94,65.84,929492.0,61068975.41
2015-03-06,65.56,66.68,65.31,65.63,1817271.0,119534427.42
2015-03-05,63.96,65.75,63.77,65.67,1168293.0,76254813.9
2015-03-04,63.03,63.84,63.02,63.77,938107.0,59695571.25
2015-03-03,62.75,63.66,62.58,63.0,2153008.0,135653755.88
2015-03-02,63.29,63.93,63.2,63.76,809736.0,51499601.66
2015-02-27,62.6,62.98,62.52,62.9,1018730.0,64057960.19
2015-02-26,63.1,63.29,62.52,62.52,1011915.0,63527893.13
2015-02-25,61.5,63.5,61.2,63.03,1466332.0,92113191.19
2015-02-24,61.7,61.81,60.37,60.92,783472.0,47744668.68
2015-02-23,61.95,62.12,61.66,61.69,663204.0,41035998.63
2015-02-20,61.1,61.73,61.02,61.63,893023.0,54983872.93
2015-02-19,61.04,61.24,60.65,61.2,990611.0,60483796.96
2015-02-18,60.6,61.27,60.25,61.2,659811.0,40261095.96
2015-02-17,60.5,61.16,60.21,60.51,630909.0,38240495.39
2015-02-16,60.46,61.06,60.46,60.81,482545.0,29334535.71
2015-02-13,60.7,61.07,60.24,60.46,607241.0,36776155.34
2015-02-12,60.14,60.95,60.11,60.77,512118.0,31105108.62
2015-02-11,60.23,60.77,59.99,60.3,697651.0,42025374.99
2015-02-10,59.45,60.75,59.45,60.53,718663.0,43406933.47
2015-02-09,60.24,60.34,58.9,59.18,729032.0,43239119.63
2015-02-06,60.4,60.53,60.06,60.36,463332.0,27952312.83
2015-02-05,59.54,60.65,59.51,60.57,840453.0,50547776.51
2015-02-04,58.97,59.91,58.83,59.91,678542.0,40426816.32
2015-02-03,58.95,59.68,58.79,59.08,722392.0,42781280.6
2015-02-02,59.45,59.83,58.62,58.93,627631.0,37070687.71
2015-01-30,59.95,60.0,59.02,59.19,950010.0,56513095.94
2015-01-29,59.02,59.78,59.0,59.74,624526.0,37198700.78
2015-01-28,59.51,59.72,58.88,59.29,677781.0,40107346.61
2015-01-27,59.47,59.95,58.9,59.09,969824.0,57492442.84
2015-01-26,59.04,59.71,59.0,59.27,825594.0,48938854.6
2015-01-23,56.99,59.71,56.69,59.44,2218557.0,130030206.48
2015-01-22,55.5,56.97,55.3,56.69,1682148.0,94170576.31
2015-01-21,55.74,55.85,55.03,55.48,1218883.0,67560341.45
2015-01-20,56.05,56.41,55.67,55.74,893356.0,50058912.61
2015-01-19,55.53,56.33,55.33,56.17,1146351.0,64134241.52
2015-01-16,54.51,55.43,54.51,55.2,1348727.0,74196198.27
2015-01-15,54.21,54.92,53.51,54.85,1141198.0,62256191.19
2015-01-14,53.71,54.54,53.67,53.95,715742.0,38650651.61
2015-01-13,53.87,54.47,53.67,54.21,961940.0,52125350.94
2015-01-12,54.32,54.92,53.92,54.01,971758.0,52683554.48
2015-01-09,53.58,54.6,53.57,53.97,1248616.0,67514600.97
2015-01-08,52.89,53.92,52.31,53.72,1361972.0,72660077.32
2015-01-07,51.54,52.29,50.87,52.16,739959.0,38330111.1
2015-01-06,51.0,51.72,50.62,51.3,769752.0,39459274.65
2015-01-05,50.7,52.17,50.7,50.95,743160.0,38179662.9
2015-01-02,51.64,51.64,50.69,51.05,371455.0,18993511.25
2014-12-31,50.4,51.25,50.4,51.25,230297.0,11759319.32
2014-12-30,50.87,51.02,50.42,50.42,288978.0,14626671.6
2014-12-29,50.91,51.0,50.49,50.97,433884.0,22051327.81
2014-12-24,50.82,50.93,50.77,50.91,98327.0,5002375.78
2014-12-23,50.37,50.81,50.25,50.81,382042.0,19352600.04
2014-12-22,50.0,50.49,49.845,50.32,544886.0,27362620.98
2014-12-19,49.64,50.12,49.435,49.975,1274340.0,63486090.415
2014-12-18,49.625,49.85,49.08,49.685,1298927.0,64367517.135
2014-12-16,48.865,49.045,47.75,49.025,1796102.0,87294317.445
2014-12-15,49.23,49.32,48.825,48.835,1139089.0,55840727.205
2014-12-12,50.26,50.26,49.06,49.095,1150946.0,56743857.43
2014-12-11,51.35,51.6,50.52,50.52,725999.0,36966538.72
2014-12-10,52.22,52.77,51.35,51.35,865398.0,44857439.83
2014-12-09,52.68,52.93,52.01,52.09,472419.0,24741735.14
2014-12-08,53.32,53.71,53.23,53.23,566672.0,30258147.32
2014-12-05,53.19,53.62,53.15,53.54,560812.0,29964050.25
2014-12-04,52.7,53.12,52.45,52.84,835457.0,44104932.93
2014-12-03,52.3,52.79,52.3,52.68,518646.0,27301972.24
2014-12-02,52.49,52.59,52.19,52.42,456581.0,23936662.59
2014-12-01,51.9,52.43,51.85,52.34,508929.0,26586381.36
2014-11-28,51.93,52.1,51.73,52.03,489037.0,25411587.18
2014-11-27,51.95,52.31,51.83,51.91,511384.0,26594310.36
2014-11-26,52.56,52.56,51.95,51.96,528820.0,27545813.85
2014-11-25,51.71,52.59,51.71,52.56,717091.0,37578533.55
2014-11-24,51.7,51.98,51.4,51.68,621552.0,32157471.21
2014-11-21,51.04,51.9,51.0,51.71,806562.0,41661572.21
2014-11-20,51.0,51.44,50.58,50.91,709306.0,36098960.73
2014-11-19,51.73,51.8,51.05,51.15,766276.0,39402088.51
2014-11-18,51.79,52.05,51.57,51.9,637950.0,33106659.9
2014-11-17,51.45,52.14,51.39,51.91,518649.0,26882192.3
2014-11-14,51.67,52.1,51.56,52.0,866855.0,44979199.39
2014-11-13,51.51,51.8,51.14,51.57,483199.0,24891312.61
2014-11-12,51.85,51.93,51.36,51.38,792218.0,40844932.83
2014-11-11,51.48,51.98,51.4,51.93,431855.0,22374205.95
2014-11-10,51.0,51.49,50.8,51.48,560145.0,28735596.55
2014-11-07,51.3,51.46,50.91,51.07,568727.0,29104302.09
2014-11-06,50.1,51.39,50.1,51.31,1047080.0,53361588.85
2014-11-05,50.13,50.59,50.04,50.4,709099.0,35711124.49
2014-11-04,50.26,50.49,49.62,49.735,782766.0,39198276.39
2014-10-20,45.48,45.56,44.9,45.06,814478.0,36782843.575
2014-10-17,44.44,45.585,43.905,45.5,1613550.0,72336564.94
2014-10-16,45.56,45.675,43.655,44.545,1990605.0,88781161.665
2014-10-15,46.795,47.135,45.425,45.475,1292766.0,59707605.07
2014-10-14,46.735,47.065,46.12,46.92,826616.0,38708053.83
2014-10-13,46.83,47.6,46.625,47.115,933299.0,43992111.43
2014-10-10,47.25,47.695,46.48,47.36,1158556.0,54714753.09
2014-10-09,48.65,48.88,47.44,47.66,861818.0,41379876.245
2014-10-08,48.335,48.44,47.89,48.09,667910.0,32131829.82
2014-10-07,49.775,49.775,48.44,48.505,927354.0,45205880.52
2014-10-06,50.14,50.14,49.74,49.76,589393.0,29420272.425
2014-10-03,49.47,50.3,49.365,49.98,588361.0,29381269.72
2014-10-02,50.5,50.54,49.34,49.34,824506.0,41108021.78
2014-10-01,51.3,51.7,50.68,50.76,786907.0,40226021.38
2014-09-30,50.41,51.65,50.17,51.38,988005.0,50589958.3
2014-09-29,50.49,50.66,49.91,50.25,528010.0,26517659.27
2014-09-26,49.66,50.66,49.165,50.52,773094.0,38788930.62
2014-09-25,49.83,50.64,49.68,49.72,740028.0,37004755.21
2014-09-24,50.07,50.07,49.37,49.955,841166.0,41875766.21
2014-09-23,50.71,50.92,50.0,50.0,974167.0,48900016.35
2014-09-22,50.85,50.98,50.54,50.65,708579.0,35956033.89
2014-09-19,51.7,51.75,50.78,50.87,1865627.0,95146289.33
2014-09-18,51.03,51.74,51.0,51.46,1044051.0,53780040.0
2014-09-17,51.15,51.19,50.74,51.04,623260.0,31796399.62
2014-09-16,51.69,51.7,50.77,50.92,801356.0,40849665.89
2014-09-15,51.45,51.94,51.31,51.8,623820.0,32267507.99
2014-09-12,51.15,51.5,50.81,51.5,542578.0,27830241.16
2014-09-11,51.32,51.54,50.77,51.11,404688.0,20669833.71
2014-09-10,51.12,51.36,50.68,51.22,524041.0,26787089.67
2014-09-09,51.26,51.62,51.12,51.17,686748.0,35206360.84
2014-09-08,51.65,51.71,51.13,51.2,674700.0,34624007.11
2014-09-05,50.9,51.95,50.79,51.7,1519146.0,78386211.16
2014-09-04,49.8,50.87,49.765,50.85,792364.0,39986451.57
2014-09-03,49.835,50.12,49.8,49.98,725379.0,36258041.21
2014-09-02,49.875,50.06,49.81,49.82,692456.0,34570740.85
2014-09-01,50.01,50.55,49.75,49.875,557783.0,27879464.84
2014-08-29,49.515,49.885,49.3,49.885,651744.0,32363704.49
2014-08-28,49.4,49.77,49.225,49.5,640489.0,31710859.56
2014-08-27,49.27,49.625,48.955,49.455,456329.0,22510941.405
2014-08-26,49.185,49.5,48.735,49.295,1151885.0,56570241.31
2014-08-25,47.84,49.3,47.825,49.185,674878.0,32900218.88
2014-08-22,47.43,48.0,47.295,47.58,585508.0,27924912.06
2014-08-21,46.995,47.45,46.81,47.43,380003.0,17971547.71
2014-08-20,47.325,47.335,46.82,46.995,601854.0,28304150.17
2014-08-19,47.32,47.58,47.135,47.325,480854.0,22748717.745
2014-08-18,46.7,47.325,46.7,47.26,518892.0,24455221.405
2014-08-15,46.8,47.145,46.245,46.32,659982.0,30747797.44
2014-08-14,46.15,46.88,45.895,46.765,757041.0,35205697.75
2014-08-13,45.48,46.225,45.39,46.15,880425.0,40381521.21
2014-08-12,45.44,45.615,45.185,45.39,617416.0,28041959.145
2014-08-11,44.335,45.55,44.295,45.495,848969.0,38314269.945
2014-08-08,43.81,44.225,43.515,44.22,898939.0,39520425.6
2014-08-07,44.52,44.52,44.095,44.17,718643.0,31787504.86
2014-08-06,44.345,44.575,44.13,44.505,802725.0,35596478.54
2014-08-05,44.295,44.64,43.885,44.585,889158.0,39383152.78
2014-08-04,44.1,44.49,43.85,44.095,1094935.0,48305496.065
2014-08-01,43.96,44.125,43.24,43.92,1608218.0,70343637.76
2014-07-31,45.49,46.275,43.78,43.895,1590906.0,71082770.9
2014-07-30,45.04,45.37,44.835,44.89,740022.0,33273319.39
2014-07-29,45.415,45.63,44.985,44.995,551665.0,24935508.41
2014-07-28,45.755,45.81,45.205,45.3,635087.0,28849715.875
2014-07-25,46.16,46.175,44.94,45.645,1037633.0,47392663.1
2014-07-24,46.07,46.5,45.725,46.26,490684.0,22683776.84
2014-07-23,45.69,46.405,45.63,46.015,623645.0,28728370.155
2014-07-22,46.06,46.16,45.755,45.795,753144.0,34552330.295
2014-07-21,46.0,46.22,45.955,45.99,464675.0,21399187.375
2014-07-18,45.78,46.15,45.76,46.055,737803.0,33948121.26
2014-07-17,46.3,46.39,45.825,46.125,811813.0,37441176.58
2014-07-16,46.39,46.69,46.045,46.425,1023401.0,47473418.695
2014-07-15,46.775,46.99,46.445,46.445,646616.0,30184155.865
2014-07-14,47.0,47.17,46.75,46.945,784664.0,36874837.09
2014-07-11,46.0,46.885,45.935,46.87,1007603.0,46981136.92
2014-07-10,45.315,46.12,44.99,46.0,1269164.0,57934788.965
2014-07-09,45.71,46.0,44.605,45.315,1987938.0,89773918.1
2014-07-08,46.72,46.825,46.11,46.175,917397.0,42466834.18
2014-07-07,47.38,47.39,46.5,46.54,837543.0,39068962.525
2014-07-04,47.33,47.73,47.27,47.5,381761.0,18152963.86
2014-07-03,47.005,47.33,46.915,47.33,870976.0,41081159.35
2014-07-02,47.735,47.85,46.805,46.91,1121059.0,52726170.585
2014-07-01,47.8,48.02,47.71,47.85,683694.0,32705994.14
2014-06-30,48.53,48.57,47.44,47.815,1006918.0,48168834.815
2014-06-27,47.56,48.71,47.26,48.505,1186986.0,57094023.69
2014-06-26,47.5,47.63,47.16,47.56,769278.0,36471931.355
2014-06-25,47.45,47.75,47.075,47.415,1330062.0,63166699.688
2014-06-24,48.3,48.56,47.205,47.6,1410463.0,67333489.079
2014-06-23,49.025,49.08,47.81,48.135,1244547.0,59893351.3
2014-06-20,49.22,49.425,49.1,49.135,1195517.0,58800707.355
2014-06-19,49.8,49.85,49.125,49.32,654491.0,32314353.37
2014-06-18,49.825,50.15,49.11,49.345,536666.0,26523741.955
2014-06-17,49.28,49.625,49.15,49.495,613819.0,30322399.235
2014-06-16,49.035,49.425,48.815,48.88,447022.0,21874361.84
2014-06-13,49.92,49.92,48.88,49.12,656189.0,32326073.135
2014-06-12,49.6,50.04,49.525,49.88,466124.0,23251545.49
2014-06-11,50.2,50.29,49.555,49.79,878890.0,43818203.87
2014-06-10,50.62,50.79,50.51,50.68,689595.0,34929641.38
2014-06-09,51.26,51.29,50.53,50.63,453781.0,23019042.45
2014-06-06,50.48,51.29,50.37,51.26,681293.0,34749188.2
2014-06-05,49.725,50.62,49.6,50.58,725657.0,36496023.97
2014-06-04,49.75,49.88,49.14,49.635,622631.0,30802444.965
2014-06-03,50.0,50.1,49.445,49.765,536315.0,26672570.04
2014-06-02,49.99,50.28,49.84,50.0,489897.0,24525859.37
2014-05-30,49.415,49.86,49.09,49.785,929686.0,46117987.81
2014-05-29,48.99,49.52,48.97,49.505,436623.0,21537907.59
2014-05-28,49.39,49.78,49.335,49.67,602385.0,29900427.57
2014-05-26,48.36,48.77,48.35,48.73,473195.0,23011444.95
2014-05-23,47.585,48.34,47.585,48.19,634316.0,30481159.63
2014-05-22,47.69,47.785,47.0,47.445,742959.0,35191590.65
2014-05-21,47.235,47.835,47.065,47.72,731716.0,34848357.24
2014-05-20,47.49,47.58,47.235,47.315,834380.0,39558481.81
2014-05-19,46.835,47.61,46.8,47.46,719354.0,34048980.01
2014-05-16,47.95,48.02,46.84,47.155,779536.0,36776511.62
2014-05-14,48.7,48.79,48.51,48.7,594511.0,28957932.6
2014-05-13,48.11,48.83,48.11,48.64,1327655.0,64523580.22
2014-05-12,47.75,48.045,47.685,47.99,689453.0,33036441.015
2014-05-09,47.02,47.75,47.02,47.635,644873.0,30640827.75
2014-05-08,46.71,47.245,46.495,47.23,1465135.0,68668946.57
2014-05-07,47.245,47.37,46.6,47.01,1174779.0,55082136.11
2014-05-06,48.015,48.2,47.45,47.5,599568.0,28561861.13
2014-05-05,48.13,48.2,47.54,47.9,732108.0,35005119.435
2014-05-02,48.615,48.67,47.88,48.075,653595.0,31454833.35
2014-04-30,47.49,48.49,47.49,48.445,1111865.0,53607728.78
2014-04-29,47.9,48.035,46.84,47.49,1150532.0,54389254.3
2014-04-28,48.2,48.23,47.54,47.8,607280.0,29042688.12
2014-04-25,48.05,48.5,47.7,47.92,941628.0,45188601.94
2014-04-24,48.01,48.655,47.705,48.045,1056286.0,50837822.58
2014-04-23,49.11,49.29,47.9,47.96,1515738.0,73111200.5
2014-04-22,49.725,50.12,49.485,49.78,744087.0,37036761.51
2014-04-17,49.0,50.0,48.525,49.66,948878.0,46958720.87
2014-04-16,47.78,49.0,47.76,49.0,801365.0,38866098.6
2014-04-15,47.795,48.195,47.38,47.48,583035.0,27811118.55
2014-04-14,48.1,48.37,47.125,47.765,888570.0,42356338.65
2014-04-11,48.85,48.94,47.77,48.45,1085530.0,52377975.98
2014-04-10,48.9,49.415,48.82,49.21,952425.0,46837134.02
2014-04-09,48.565,49.055,48.515,48.815,646538.0,31580965.8
2014-04-08,50.16,50.31,48.305,48.34,1604683.0,78172761.58
2014-04-07,51.12,51.26,49.975,50.05,972131.0,48950993.86
2014-04-04,51.28,51.71,51.13,51.59,595291.0,30650521.98
2014-04-03,50.21,51.31,50.16,51.16,944098.0,48038013.54
2014-04-02,50.74,50.88,49.94,49.965,672159.0,33753383.81
2014-04-01,50.62,50.81,50.37,50.53,472895.0,23913557.17
2014-03-31,50.5,50.75,50.19,50.29,691342.0,34832561.77
2014-03-28,50.34,50.8,50.1,50.19,624944.0,31427850.15
2014-03-27,50.37,50.72,50.07,50.31,657902.0,33107338.12
2014-03-26,50.83,51.14,50.27,50.33,1071019.0,54204947.8
2014-03-25,50.19,51.07,50.06,50.73,908044.0,46024944.73
2014-03-24,50.44,50.68,50.05,50.2,849531.0,42727476.64
2014-03-21,50.1,50.83,50.02,50.37,1221835.0,61593192.46
2014-03-20,48.92,49.985,48.8,49.965,1171319.0,58060092.59
2014-03-19,48.56,49.45,48.33,49.085,1195397.0,58485315.655
2014-03-18,48.0,48.88,47.565,48.325,1235371.0,59605448.125
2014-03-17,46.9,48.1,46.83,47.955,979605.0,46830534.37
2014-03-14,46.81,47.245,46.75,46.835,1745381.0,81939790.33
2014-03-13,47.585,47.665,46.995,47.0,1454045.0,68631672.365
2014-03-12,48.085,48.13,46.965,47.38,1485512.0,70602423.365
2014-03-11,48.27,48.67,48.115,48.235,1123970.0,54341906.08
2014-03-10,49.1,49.16,47.77,48.205,1461038.0,70664936.52
2014-03-07,49.965,50.34,49.05,49.2,1038588.0,51410080.23
2014-03-06,50.09,50.26,49.665,49.74,1343329.0,66994456.575
2014-03-05,50.95,51.02,49.95,50.0,1191439.0,59943332.52
2014-02-28,50.11,51.04,50.09,51.01,1511398.0,76598843.53
2014-02-27,49.605,50.04,49.315,49.865,988788.0,49163875.8
2014-02-26,50.74,50.85,49.395,49.54,1462881.0,72901531.24
2014-02-25,51.01,51.2,50.51,50.7,929734.0,47188864.02
2014-02-24,52.0,52.12,50.72,50.93,1554939.0,79379870.21
2014-02-21,52.15,52.56,51.83,52.0,1321760.0,68741260.01
2014-02-20,52.37,52.92,51.25,52.43,1644644.0,85942221.62
2014-02-19,53.66,54.35,52.8,53.51,1226835.0,65429218.1
2014-02-18,54.42,54.47,53.65,53.81,803885.0,43381539.8
2014-02-17,54.39,54.59,54.12,54.27,394969.0,21450980.62
2014-02-14,53.7,54.43,53.57,54.41,753512.0,40814297.95
